Msg Timestamp,Message,Layer Id,Time,RuntimeGraph Name
5069024611,LOAD,-1,1186,us,
5069024611,DESERIALIZE,-1,893,us,
5069024611,CREATE,-1,124050,us,
5069024611,INIT,-1,129265,us,
5069024611,DE-INIT,-1,7179,us,
5069024611,CREATE_NETWORK(S),-1,107153,us,
5069024611,RPC_INIT_TIME,-1,0,,
5069024611,SNPE_ACCELERATOR_INIT_TIME,-1,0,,
5069024611,ACCELERATOR_INIT_TIME,-1,0,,
5069015860,AVG_TOTAL_INFERENCE_TIME,-1,410178,us,graph_q4j9ycjc
5069015860,AVG_FORWARD_PROPAGATE_TIME,-1,406978,us,graph_q4j9ycjc
5069015860,AVG_RPC_EXECUTE_TIME,-1,0,,graph_q4j9ycjc
5069015860,AVG_SNPE_ACCELERATOR_TIME,-1,0,,graph_q4j9ycjc
5069015860,AVG_ACCELERATOR_TIME,-1,0,,graph_q4j9ycjc
5069015860,AVG_EXECUTE_TIME_SUBNET_0,-1,406131,CPU,graph_q4j9ycjc
5069015860,EXECUTE_TIME_SUBNET_0,-1,406131,CPU,graph_q4j9ycjc
5069015860,TOTAL_INFERENCE_TIME,-1,410178,us,graph_q4j9ycjc
5069015860,FORWARD_PROPAGATE,-1,406978,us,graph_q4j9ycjc
5069015860,FORWARD_PROPAGATE_LAYER,0,170,CPU,graph_q4j9ycjc
5069015860,FORWARD_PROPAGATE_LAYER,1,225,CPU,graph_q4j9ycjc
5069015860,FORWARD_PROPAGATE_LAYER,2,269,CPU,graph_q4j9ycjc
5069015860,FORWARD_PROPAGATE_LAYER,3,66,CPU,graph_q4j9ycjc
5069015860,FORWARD_PROPAGATE_LAYER,4,84,CPU,graph_q4j9ycjc
5069015860,FORWARD_PROPAGATE_LAYER,5,64,CPU,graph_q4j9ycjc
5069015860,FORWARD_PROPAGATE_LAYER,6,270,CPU,graph_q4j9ycjc
5069015860,FORWARD_PROPAGATE_LAYER,7,267,CPU,graph_q4j9ycjc
5069015860,FORWARD_PROPAGATE_LAYER,8,1186,CPU,graph_q4j9ycjc
5069015860,FORWARD_PROPAGATE_LAYER,9,4279,CPU,graph_q4j9ycjc
5069015860,FORWARD_PROPAGATE_LAYER,10,5505,CPU,graph_q4j9ycjc
5069015860,FORWARD_PROPAGATE_LAYER,11,5920,CPU,graph_q4j9ycjc
5069015860,FORWARD_PROPAGATE_LAYER,12,5403,CPU,graph_q4j9ycjc
5069015860,FORWARD_PROPAGATE_LAYER,13,12929,CPU,graph_q4j9ycjc
5069015860,FORWARD_PROPAGATE_LAYER,14,5973,CPU,graph_q4j9ycjc
5069015860,FORWARD_PROPAGATE_LAYER,15,4873,CPU,graph_q4j9ycjc
5069015860,FORWARD_PROPAGATE_LAYER,16,3848,CPU,graph_q4j9ycjc
5069015860,FORWARD_PROPAGATE_LAYER,17,8875,CPU,graph_q4j9ycjc
5069015860,FORWARD_PROPAGATE_LAYER,18,3318,CPU,graph_q4j9ycjc
5069015860,FORWARD_PROPAGATE_LAYER,19,3096,CPU,graph_q4j9ycjc
5069015860,FORWARD_PROPAGATE_LAYER,20,3303,CPU,graph_q4j9ycjc
5069015860,FORWARD_PROPAGATE_LAYER,21,6169,CPU,graph_q4j9ycjc
5069015860,FORWARD_PROPAGATE_LAYER,22,3039,CPU,graph_q4j9ycjc
5069015860,FORWARD_PROPAGATE_LAYER,23,3004,CPU,graph_q4j9ycjc
5069015860,FORWARD_PROPAGATE_LAYER,24,3284,CPU,graph_q4j9ycjc
5069015860,FORWARD_PROPAGATE_LAYER,25,3586,CPU,graph_q4j9ycjc
5069015860,FORWARD_PROPAGATE_LAYER,26,3753,CPU,graph_q4j9ycjc
5069015860,FORWARD_PROPAGATE_LAYER,27,1508,CPU,graph_q4j9ycjc
5069015860,FORWARD_PROPAGATE_LAYER,28,1546,CPU,graph_q4j9ycjc
5069015860,FORWARD_PROPAGATE_LAYER,29,1628,CPU,graph_q4j9ycjc
5069015860,FORWARD_PROPAGATE_LAYER,30,2680,CPU,graph_q4j9ycjc
5069015860,FORWARD_PROPAGATE_LAYER,31,1530,CPU,graph_q4j9ycjc
5069015860,FORWARD_PROPAGATE_LAYER,32,1470,CPU,graph_q4j9ycjc
5069015860,FORWARD_PROPAGATE_LAYER,33,1544,CPU,graph_q4j9ycjc
5069015860,FORWARD_PROPAGATE_LAYER,34,7098,CPU,graph_q4j9ycjc
5069015860,FORWARD_PROPAGATE_LAYER,35,1571,CPU,graph_q4j9ycjc
5069015860,FORWARD_PROPAGATE_LAYER,36,1626,CPU,graph_q4j9ycjc
5069015860,FORWARD_PROPAGATE_LAYER,37,1625,CPU,graph_q4j9ycjc
5069015860,FORWARD_PROPAGATE_LAYER,38,2638,CPU,graph_q4j9ycjc
5069015860,FORWARD_PROPAGATE_LAYER,39,1564,CPU,graph_q4j9ycjc
5069015860,FORWARD_PROPAGATE_LAYER,40,1464,CPU,graph_q4j9ycjc
5069015860,FORWARD_PROPAGATE_LAYER,41,1520,CPU,graph_q4j9ycjc
5069015860,FORWARD_PROPAGATE_LAYER,42,1644,CPU,graph_q4j9ycjc
5069015860,FORWARD_PROPAGATE_LAYER,43,3501,CPU,graph_q4j9ycjc
5069015860,FORWARD_PROPAGATE_LAYER,44,680,CPU,graph_q4j9ycjc
5069015860,FORWARD_PROPAGATE_LAYER,45,720,CPU,graph_q4j9ycjc
5069015860,FORWARD_PROPAGATE_LAYER,46,721,CPU,graph_q4j9ycjc
5069015860,FORWARD_PROPAGATE_LAYER,47,1044,CPU,graph_q4j9ycjc
5069015860,FORWARD_PROPAGATE_LAYER,48,715,CPU,graph_q4j9ycjc
5069015860,FORWARD_PROPAGATE_LAYER,49,702,CPU,graph_q4j9ycjc
5069015860,FORWARD_PROPAGATE_LAYER,50,650,CPU,graph_q4j9ycjc
5069015860,FORWARD_PROPAGATE_LAYER,51,7010,CPU,graph_q4j9ycjc
5069015860,FORWARD_PROPAGATE_LAYER,52,660,CPU,graph_q4j9ycjc
5069015860,FORWARD_PROPAGATE_LAYER,53,756,CPU,graph_q4j9ycjc
5069015860,FORWARD_PROPAGATE_LAYER,54,663,CPU,graph_q4j9ycjc
5069015860,FORWARD_PROPAGATE_LAYER,55,1012,CPU,graph_q4j9ycjc
5069015860,FORWARD_PROPAGATE_LAYER,56,682,CPU,graph_q4j9ycjc
5069015860,FORWARD_PROPAGATE_LAYER,57,740,CPU,graph_q4j9ycjc
5069015860,FORWARD_PROPAGATE_LAYER,58,813,CPU,graph_q4j9ycjc
5069015860,FORWARD_PROPAGATE_LAYER,59,1174,CPU,graph_q4j9ycjc
5069015860,FORWARD_PROPAGATE_LAYER,60,3495,CPU,graph_q4j9ycjc
5069015860,FORWARD_PROPAGATE_LAYER,61,330,CPU,graph_q4j9ycjc
5069015860,FORWARD_PROPAGATE_LAYER,62,375,CPU,graph_q4j9ycjc
5069015860,FORWARD_PROPAGATE_LAYER,63,336,CPU,graph_q4j9ycjc
5069015860,FORWARD_PROPAGATE_LAYER,64,593,CPU,graph_q4j9ycjc
5069015860,FORWARD_PROPAGATE_LAYER,65,358,CPU,graph_q4j9ycjc
5069015860,FORWARD_PROPAGATE_LAYER,66,346,CPU,graph_q4j9ycjc
5069015860,FORWARD_PROPAGATE_LAYER,67,334,CPU,graph_q4j9ycjc
5069015860,FORWARD_PROPAGATE_LAYER,68,6951,CPU,graph_q4j9ycjc
5069015860,FORWARD_PROPAGATE_LAYER,69,309,CPU,graph_q4j9ycjc
5069015860,FORWARD_PROPAGATE_LAYER,70,370,CPU,graph_q4j9ycjc
5069015860,FORWARD_PROPAGATE_LAYER,71,334,CPU,graph_q4j9ycjc
5069015860,FORWARD_PROPAGATE_LAYER,72,614,CPU,graph_q4j9ycjc
5069015860,FORWARD_PROPAGATE_LAYER,73,345,CPU,graph_q4j9ycjc
5069015860,FORWARD_PROPAGATE_LAYER,74,369,CPU,graph_q4j9ycjc
5069015860,FORWARD_PROPAGATE_LAYER,75,333,CPU,graph_q4j9ycjc
5069015860,FORWARD_PROPAGATE_LAYER,76,485,CPU,graph_q4j9ycjc
5069015860,FORWARD_PROPAGATE_LAYER,77,1799,CPU,graph_q4j9ycjc
5069015860,FORWARD_PROPAGATE_LAYER,78,80,CPU,graph_q4j9ycjc
5069015860,FORWARD_PROPAGATE_LAYER,79,83,CPU,graph_q4j9ycjc
5069015860,FORWARD_PROPAGATE_LAYER,80,83,CPU,graph_q4j9ycjc
5069015860,FORWARD_PROPAGATE_LAYER,81,135,CPU,graph_q4j9ycjc
5069015860,FORWARD_PROPAGATE_LAYER,82,49,CPU,graph_q4j9ycjc
5069015860,FORWARD_PROPAGATE_LAYER,83,79,CPU,graph_q4j9ycjc
5069015860,FORWARD_PROPAGATE_LAYER,84,63,CPU,graph_q4j9ycjc
5069015860,FORWARD_PROPAGATE_LAYER,85,1807,CPU,graph_q4j9ycjc
5069015860,FORWARD_PROPAGATE_LAYER,86,41,CPU,graph_q4j9ycjc
5069015860,FORWARD_PROPAGATE_LAYER,87,73,CPU,graph_q4j9ycjc
5069015860,FORWARD_PROPAGATE_LAYER,88,64,CPU,graph_q4j9ycjc
5069015860,FORWARD_PROPAGATE_LAYER,89,129,CPU,graph_q4j9ycjc
5069015860,FORWARD_PROPAGATE_LAYER,90,52,CPU,graph_q4j9ycjc
5069015860,FORWARD_PROPAGATE_LAYER,91,78,CPU,graph_q4j9ycjc
5069015860,FORWARD_PROPAGATE_LAYER,92,57,CPU,graph_q4j9ycjc
5069015860,FORWARD_PROPAGATE_LAYER,93,120,CPU,graph_q4j9ycjc
5069015860,FORWARD_PROPAGATE_LAYER,94,519,CPU,graph_q4j9ycjc
5069015860,FORWARD_PROPAGATE_LAYER,95,19,CPU,graph_q4j9ycjc
5069015860,FORWARD_PROPAGATE_LAYER,96,20,CPU,graph_q4j9ycjc
5069015860,FORWARD_PROPAGATE_LAYER,97,17,CPU,graph_q4j9ycjc
5069015860,FORWARD_PROPAGATE_LAYER,98,39,CPU,graph_q4j9ycjc
5069015860,FORWARD_PROPAGATE_LAYER,99,15,CPU,graph_q4j9ycjc
5069015860,FORWARD_PROPAGATE_LAYER,100,24,CPU,graph_q4j9ycjc
5069015860,FORWARD_PROPAGATE_LAYER,101,15,CPU,graph_q4j9ycjc
5069015860,FORWARD_PROPAGATE_LAYER,102,520,CPU,graph_q4j9ycjc
5069015860,FORWARD_PROPAGATE_LAYER,103,14,CPU,graph_q4j9ycjc
5069015860,FORWARD_PROPAGATE_LAYER,104,23,CPU,graph_q4j9ycjc
5069015860,FORWARD_PROPAGATE_LAYER,105,15,CPU,graph_q4j9ycjc
5069015860,FORWARD_PROPAGATE_LAYER,106,39,CPU,graph_q4j9ycjc
5069015860,FORWARD_PROPAGATE_LAYER,107,14,CPU,graph_q4j9ycjc
5069015860,FORWARD_PROPAGATE_LAYER,108,25,CPU,graph_q4j9ycjc
5069015860,FORWARD_PROPAGATE_LAYER,109,16,CPU,graph_q4j9ycjc
5069015860,FORWARD_PROPAGATE_LAYER,110,37,CPU,graph_q4j9ycjc
5069015860,FORWARD_PROPAGATE_LAYER,111,143,CPU,graph_q4j9ycjc
5069015860,FORWARD_PROPAGATE_LAYER,112,8,CPU,graph_q4j9ycjc
5069015860,FORWARD_PROPAGATE_LAYER,113,9,CPU,graph_q4j9ycjc
5069015860,FORWARD_PROPAGATE_LAYER,114,8,CPU,graph_q4j9ycjc
5069015860,FORWARD_PROPAGATE_LAYER,115,18,CPU,graph_q4j9ycjc
5069015860,FORWARD_PROPAGATE_LAYER,116,9,CPU,graph_q4j9ycjc
5069015860,FORWARD_PROPAGATE_LAYER,117,9,CPU,graph_q4j9ycjc
5069015860,FORWARD_PROPAGATE_LAYER,118,8,CPU,graph_q4j9ycjc
5069015860,FORWARD_PROPAGATE_LAYER,119,143,CPU,graph_q4j9ycjc
5069015860,FORWARD_PROPAGATE_LAYER,120,8,CPU,graph_q4j9ycjc
5069015860,FORWARD_PROPAGATE_LAYER,121,8,CPU,graph_q4j9ycjc
5069015860,FORWARD_PROPAGATE_LAYER,122,8,CPU,graph_q4j9ycjc
5069015860,FORWARD_PROPAGATE_LAYER,123,18,CPU,graph_q4j9ycjc
5069015860,FORWARD_PROPAGATE_LAYER,124,7,CPU,graph_q4j9ycjc
5069015860,FORWARD_PROPAGATE_LAYER,125,9,CPU,graph_q4j9ycjc
5069015860,FORWARD_PROPAGATE_LAYER,126,8,CPU,graph_q4j9ycjc
5069015860,FORWARD_PROPAGATE_LAYER,127,20,CPU,graph_q4j9ycjc
5069015860,FORWARD_PROPAGATE_LAYER,128,58,CPU,graph_q4j9ycjc
5069015860,FORWARD_PROPAGATE_LAYER,129,5,CPU,graph_q4j9ycjc
5069015860,FORWARD_PROPAGATE_LAYER,130,6,CPU,graph_q4j9ycjc
5069015860,FORWARD_PROPAGATE_LAYER,131,6,CPU,graph_q4j9ycjc
5069015860,FORWARD_PROPAGATE_LAYER,132,10,CPU,graph_q4j9ycjc
5069015860,FORWARD_PROPAGATE_LAYER,133,5,CPU,graph_q4j9ycjc
5069015860,FORWARD_PROPAGATE_LAYER,134,5,CPU,graph_q4j9ycjc
5069015860,FORWARD_PROPAGATE_LAYER,135,5,CPU,graph_q4j9ycjc
5069015860,FORWARD_PROPAGATE_LAYER,136,83,CPU,graph_q4j9ycjc
5069015860,FORWARD_PROPAGATE_LAYER,137,5,CPU,graph_q4j9ycjc
5069015860,FORWARD_PROPAGATE_LAYER,138,5,CPU,graph_q4j9ycjc
5069015860,FORWARD_PROPAGATE_LAYER,139,6,CPU,graph_q4j9ycjc
5069015860,FORWARD_PROPAGATE_LAYER,140,10,CPU,graph_q4j9ycjc
5069015860,FORWARD_PROPAGATE_LAYER,141,13,CPU,graph_q4j9ycjc
5069015860,FORWARD_PROPAGATE_LAYER,142,4,CPU,graph_q4j9ycjc
5069015860,FORWARD_PROPAGATE_LAYER,143,6,CPU,graph_q4j9ycjc
5069015860,FORWARD_PROPAGATE_LAYER,144,56,CPU,graph_q4j9ycjc
5069015860,FORWARD_PROPAGATE_LAYER,145,5,CPU,graph_q4j9ycjc
5069015860,FORWARD_PROPAGATE_LAYER,146,4,CPU,graph_q4j9ycjc
5069015860,FORWARD_PROPAGATE_LAYER,147,6,CPU,graph_q4j9ycjc
5069015860,FORWARD_PROPAGATE_LAYER,148,10,CPU,graph_q4j9ycjc
5069015860,FORWARD_PROPAGATE_LAYER,149,5,CPU,graph_q4j9ycjc
5069015860,FORWARD_PROPAGATE_LAYER,150,5,CPU,graph_q4j9ycjc
5069015860,FORWARD_PROPAGATE_LAYER,151,6,CPU,graph_q4j9ycjc
5069015860,FORWARD_PROPAGATE_LAYER,152,52,CPU,graph_q4j9ycjc
5069015860,FORWARD_PROPAGATE_LAYER,153,4,CPU,graph_q4j9ycjc
5069015860,FORWARD_PROPAGATE_LAYER,154,5,CPU,graph_q4j9ycjc
5069015860,FORWARD_PROPAGATE_LAYER,155,7,CPU,graph_q4j9ycjc
5069015860,FORWARD_PROPAGATE_LAYER,156,8,CPU,graph_q4j9ycjc
5069015860,FORWARD_PROPAGATE_LAYER,157,10,CPU,graph_q4j9ycjc
5069015860,FORWARD_PROPAGATE_LAYER,158,5,CPU,graph_q4j9ycjc
5069015860,FORWARD_PROPAGATE_LAYER,159,5,CPU,graph_q4j9ycjc
5069015860,FORWARD_PROPAGATE_LAYER,160,6,CPU,graph_q4j9ycjc
5069015860,FORWARD_PROPAGATE_LAYER,161,51,CPU,graph_q4j9ycjc
5069015860,FORWARD_PROPAGATE_LAYER,162,5,CPU,graph_q4j9ycjc
5069015860,FORWARD_PROPAGATE_LAYER,163,5,CPU,graph_q4j9ycjc
5069015860,FORWARD_PROPAGATE_LAYER,164,7,CPU,graph_q4j9ycjc
5069015860,FORWARD_PROPAGATE_LAYER,165,8,CPU,graph_q4j9ycjc
5069015860,FORWARD_PROPAGATE_LAYER,166,10,CPU,graph_q4j9ycjc
5069015860,FORWARD_PROPAGATE_LAYER,167,5,CPU,graph_q4j9ycjc
5069015860,FORWARD_PROPAGATE_LAYER,168,5,CPU,graph_q4j9ycjc
5069015860,FORWARD_PROPAGATE_LAYER,169,7,CPU,graph_q4j9ycjc
5069015860,FORWARD_PROPAGATE_LAYER,170,51,CPU,graph_q4j9ycjc
5069015860,FORWARD_PROPAGATE_LAYER,171,11,CPU,graph_q4j9ycjc
5069015860,FORWARD_PROPAGATE_LAYER,172,8,CPU,graph_q4j9ycjc
5069015860,FORWARD_PROPAGATE_LAYER,173,37,CPU,graph_q4j9ycjc
5069015860,FORWARD_PROPAGATE_LAYER,174,14,CPU,graph_q4j9ycjc
5069015860,FORWARD_PROPAGATE_LAYER,175,11,CPU,graph_q4j9ycjc
5069015860,FORWARD_PROPAGATE_LAYER,176,9,CPU,graph_q4j9ycjc
5069015860,FORWARD_PROPAGATE_LAYER,177,7,CPU,graph_q4j9ycjc
5069015860,FORWARD_PROPAGATE_LAYER,178,9,CPU,graph_q4j9ycjc
5069015860,FORWARD_PROPAGATE_LAYER,179,8,CPU,graph_q4j9ycjc
5069015860,FORWARD_PROPAGATE_LAYER,180,11,CPU,graph_q4j9ycjc
5069015860,FORWARD_PROPAGATE_LAYER,181,15,CPU,graph_q4j9ycjc
5069015860,FORWARD_PROPAGATE_LAYER,182,8,CPU,graph_q4j9ycjc
5069015860,FORWARD_PROPAGATE_LAYER,183,8,CPU,graph_q4j9ycjc
5069015860,FORWARD_PROPAGATE_LAYER,184,7,CPU,graph_q4j9ycjc
5069015860,FORWARD_PROPAGATE_LAYER,185,141,CPU,graph_q4j9ycjc
5069015860,FORWARD_PROPAGATE_LAYER,186,10,CPU,graph_q4j9ycjc
5069015860,FORWARD_PROPAGATE_LAYER,187,10,CPU,graph_q4j9ycjc
5069015860,FORWARD_PROPAGATE_LAYER,188,11,CPU,graph_q4j9ycjc
5069015860,FORWARD_PROPAGATE_LAYER,189,7,CPU,graph_q4j9ycjc
5069015860,FORWARD_PROPAGATE_LAYER,190,9,CPU,graph_q4j9ycjc
5069015860,FORWARD_PROPAGATE_LAYER,191,9,CPU,graph_q4j9ycjc
5069015860,FORWARD_PROPAGATE_LAYER,192,4,CPU,graph_q4j9ycjc
5069015860,FORWARD_PROPAGATE_LAYER,193,3,CPU,graph_q4j9ycjc
5069015860,FORWARD_PROPAGATE_LAYER,194,8,CPU,graph_q4j9ycjc
5069015860,FORWARD_PROPAGATE_LAYER,195,8,CPU,graph_q4j9ycjc
5069015860,FORWARD_PROPAGATE_LAYER,196,3,CPU,graph_q4j9ycjc
5069015860,FORWARD_PROPAGATE_LAYER,197,15,CPU,graph_q4j9ycjc
5069015860,FORWARD_PROPAGATE_LAYER,198,8,CPU,graph_q4j9ycjc
5069015860,FORWARD_PROPAGATE_LAYER,199,9,CPU,graph_q4j9ycjc
5069015860,FORWARD_PROPAGATE_LAYER,200,8,CPU,graph_q4j9ycjc
5069015860,FORWARD_PROPAGATE_LAYER,201,139,CPU,graph_q4j9ycjc
5069015860,FORWARD_PROPAGATE_LAYER,202,19,CPU,graph_q4j9ycjc
5069015860,FORWARD_PROPAGATE_LAYER,203,24,CPU,graph_q4j9ycjc
5069015860,FORWARD_PROPAGATE_LAYER,204,115,CPU,graph_q4j9ycjc
5069015860,FORWARD_PROPAGATE_LAYER,205,24,CPU,graph_q4j9ycjc
5069015860,FORWARD_PROPAGATE_LAYER,206,16,CPU,graph_q4j9ycjc
5069015860,FORWARD_PROPAGATE_LAYER,207,18,CPU,graph_q4j9ycjc
5069015860,FORWARD_PROPAGATE_LAYER,208,14,CPU,graph_q4j9ycjc
5069015860,FORWARD_PROPAGATE_LAYER,209,23,CPU,graph_q4j9ycjc
5069015860,FORWARD_PROPAGATE_LAYER,210,14,CPU,graph_q4j9ycjc
5069015860,FORWARD_PROPAGATE_LAYER,211,31,CPU,graph_q4j9ycjc
5069015860,FORWARD_PROPAGATE_LAYER,212,39,CPU,graph_q4j9ycjc
5069015860,FORWARD_PROPAGATE_LAYER,213,14,CPU,graph_q4j9ycjc
5069015860,FORWARD_PROPAGATE_LAYER,214,22,CPU,graph_q4j9ycjc
5069015860,FORWARD_PROPAGATE_LAYER,215,14,CPU,graph_q4j9ycjc
5069015860,FORWARD_PROPAGATE_LAYER,216,468,CPU,graph_q4j9ycjc
5069015860,FORWARD_PROPAGATE_LAYER,217,21,CPU,graph_q4j9ycjc
5069015860,FORWARD_PROPAGATE_LAYER,218,17,CPU,graph_q4j9ycjc
5069015860,FORWARD_PROPAGATE_LAYER,219,18,CPU,graph_q4j9ycjc
5069015860,FORWARD_PROPAGATE_LAYER,220,15,CPU,graph_q4j9ycjc
5069015860,FORWARD_PROPAGATE_LAYER,221,24,CPU,graph_q4j9ycjc
5069015860,FORWARD_PROPAGATE_LAYER,222,14,CPU,graph_q4j9ycjc
5069015860,FORWARD_PROPAGATE_LAYER,223,5,CPU,graph_q4j9ycjc
5069015860,FORWARD_PROPAGATE_LAYER,224,4,CPU,graph_q4j9ycjc
5069015860,FORWARD_PROPAGATE_LAYER,225,12,CPU,graph_q4j9ycjc
5069015860,FORWARD_PROPAGATE_LAYER,226,13,CPU,graph_q4j9ycjc
5069015860,FORWARD_PROPAGATE_LAYER,227,4,CPU,graph_q4j9ycjc
5069015860,FORWARD_PROPAGATE_LAYER,228,36,CPU,graph_q4j9ycjc
5069015860,FORWARD_PROPAGATE_LAYER,229,14,CPU,graph_q4j9ycjc
5069015860,FORWARD_PROPAGATE_LAYER,230,24,CPU,graph_q4j9ycjc
5069015860,FORWARD_PROPAGATE_LAYER,231,15,CPU,graph_q4j9ycjc
5069015860,FORWARD_PROPAGATE_LAYER,232,516,CPU,graph_q4j9ycjc
5069015860,FORWARD_PROPAGATE_LAYER,233,56,CPU,graph_q4j9ycjc
5069015860,FORWARD_PROPAGATE_LAYER,234,76,CPU,graph_q4j9ycjc
5069015860,FORWARD_PROPAGATE_LAYER,235,421,CPU,graph_q4j9ycjc
5069015860,FORWARD_PROPAGATE_LAYER,236,81,CPU,graph_q4j9ycjc
5069015860,FORWARD_PROPAGATE_LAYER,237,39,CPU,graph_q4j9ycjc
5069015860,FORWARD_PROPAGATE_LAYER,238,61,CPU,graph_q4j9ycjc
5069015860,FORWARD_PROPAGATE_LAYER,239,34,CPU,graph_q4j9ycjc
5069015860,FORWARD_PROPAGATE_LAYER,240,74,CPU,graph_q4j9ycjc
5069015860,FORWARD_PROPAGATE_LAYER,241,43,CPU,graph_q4j9ycjc
5069015860,FORWARD_PROPAGATE_LAYER,242,104,CPU,graph_q4j9ycjc
5069015860,FORWARD_PROPAGATE_LAYER,243,128,CPU,graph_q4j9ycjc
5069015860,FORWARD_PROPAGATE_LAYER,244,45,CPU,graph_q4j9ycjc
5069015860,FORWARD_PROPAGATE_LAYER,245,75,CPU,graph_q4j9ycjc
5069015860,FORWARD_PROPAGATE_LAYER,246,44,CPU,graph_q4j9ycjc
5069015860,FORWARD_PROPAGATE_LAYER,247,1797,CPU,graph_q4j9ycjc
5069015860,FORWARD_PROPAGATE_LAYER,248,84,CPU,graph_q4j9ycjc
5069015860,FORWARD_PROPAGATE_LAYER,249,41,CPU,graph_q4j9ycjc
5069015860,FORWARD_PROPAGATE_LAYER,250,77,CPU,graph_q4j9ycjc
5069015860,FORWARD_PROPAGATE_LAYER,251,37,CPU,graph_q4j9ycjc
5069015860,FORWARD_PROPAGATE_LAYER,252,74,CPU,graph_q4j9ycjc
5069015860,FORWARD_PROPAGATE_LAYER,253,50,CPU,graph_q4j9ycjc
5069015860,FORWARD_PROPAGATE_LAYER,254,7,CPU,graph_q4j9ycjc
5069015860,FORWARD_PROPAGATE_LAYER,255,6,CPU,graph_q4j9ycjc
5069015860,FORWARD_PROPAGATE_LAYER,256,31,CPU,graph_q4j9ycjc
5069015860,FORWARD_PROPAGATE_LAYER,257,38,CPU,graph_q4j9ycjc
5069015860,FORWARD_PROPAGATE_LAYER,258,5,CPU,graph_q4j9ycjc
5069015860,FORWARD_PROPAGATE_LAYER,259,123,CPU,graph_q4j9ycjc
5069015860,FORWARD_PROPAGATE_LAYER,260,51,CPU,graph_q4j9ycjc
5069015860,FORWARD_PROPAGATE_LAYER,261,82,CPU,graph_q4j9ycjc
5069015860,FORWARD_PROPAGATE_LAYER,262,44,CPU,graph_q4j9ycjc
5069015860,FORWARD_PROPAGATE_LAYER,263,1809,CPU,graph_q4j9ycjc
5069015860,FORWARD_PROPAGATE_LAYER,264,244,CPU,graph_q4j9ycjc
5069015860,FORWARD_PROPAGATE_LAYER,265,339,CPU,graph_q4j9ycjc
5069015860,FORWARD_PROPAGATE_LAYER,266,1565,CPU,graph_q4j9ycjc
5069015860,FORWARD_PROPAGATE_LAYER,267,805,CPU,graph_q4j9ycjc
5069015860,FORWARD_PROPAGATE_LAYER,268,307,CPU,graph_q4j9ycjc
5069015860,FORWARD_PROPAGATE_LAYER,269,550,CPU,graph_q4j9ycjc
5069015860,FORWARD_PROPAGATE_LAYER,270,317,CPU,graph_q4j9ycjc
5069015860,FORWARD_PROPAGATE_LAYER,271,350,CPU,graph_q4j9ycjc
5069015860,FORWARD_PROPAGATE_LAYER,272,276,CPU,graph_q4j9ycjc
5069015860,FORWARD_PROPAGATE_LAYER,273,506,CPU,graph_q4j9ycjc
5069015860,FORWARD_PROPAGATE_LAYER,274,590,CPU,graph_q4j9ycjc
5069015860,FORWARD_PROPAGATE_LAYER,275,375,CPU,graph_q4j9ycjc
5069015860,FORWARD_PROPAGATE_LAYER,276,335,CPU,graph_q4j9ycjc
5069015860,FORWARD_PROPAGATE_LAYER,277,312,CPU,graph_q4j9ycjc
5069015860,FORWARD_PROPAGATE_LAYER,278,6951,CPU,graph_q4j9ycjc
5069015860,FORWARD_PROPAGATE_LAYER,279,782,CPU,graph_q4j9ycjc
5069015860,FORWARD_PROPAGATE_LAYER,280,286,CPU,graph_q4j9ycjc
5069015860,FORWARD_PROPAGATE_LAYER,281,577,CPU,graph_q4j9ycjc
5069015860,FORWARD_PROPAGATE_LAYER,282,384,CPU,graph_q4j9ycjc
5069015860,FORWARD_PROPAGATE_LAYER,283,394,CPU,graph_q4j9ycjc
5069015860,FORWARD_PROPAGATE_LAYER,284,339,CPU,graph_q4j9ycjc
5069015860,FORWARD_PROPAGATE_LAYER,285,16,CPU,graph_q4j9ycjc
5069015860,FORWARD_PROPAGATE_LAYER,286,12,CPU,graph_q4j9ycjc
5069015860,FORWARD_PROPAGATE_LAYER,287,105,CPU,graph_q4j9ycjc
5069015860,FORWARD_PROPAGATE_LAYER,288,171,CPU,graph_q4j9ycjc
5069015860,FORWARD_PROPAGATE_LAYER,289,6,CPU,graph_q4j9ycjc
5069015860,FORWARD_PROPAGATE_LAYER,290,523,CPU,graph_q4j9ycjc
5069015860,FORWARD_PROPAGATE_LAYER,291,357,CPU,graph_q4j9ycjc
5069015860,FORWARD_PROPAGATE_LAYER,292,401,CPU,graph_q4j9ycjc
5069015860,FORWARD_PROPAGATE_LAYER,293,337,CPU,graph_q4j9ycjc
5069015860,FORWARD_PROPAGATE_LAYER,294,3481,CPU,graph_q4j9ycjc
5069015860,FORWARD_PROPAGATE_LAYER,295,559,CPU,graph_q4j9ycjc
5069015860,FORWARD_PROPAGATE_LAYER,296,796,CPU,graph_q4j9ycjc
5069015860,FORWARD_PROPAGATE_LAYER,297,3123,CPU,graph_q4j9ycjc
5069015860,FORWARD_PROPAGATE_LAYER,298,1640,CPU,graph_q4j9ycjc
5069015860,FORWARD_PROPAGATE_LAYER,299,662,CPU,graph_q4j9ycjc
5069015860,FORWARD_PROPAGATE_LAYER,300,1291,CPU,graph_q4j9ycjc
5069015860,FORWARD_PROPAGATE_LAYER,301,756,CPU,graph_q4j9ycjc
5069015860,FORWARD_PROPAGATE_LAYER,302,744,CPU,graph_q4j9ycjc
5069015860,FORWARD_PROPAGATE_LAYER,303,793,CPU,graph_q4j9ycjc
5069015860,FORWARD_PROPAGATE_LAYER,304,1108,CPU,graph_q4j9ycjc
5069015860,FORWARD_PROPAGATE_LAYER,305,1132,CPU,graph_q4j9ycjc
5069015860,FORWARD_PROPAGATE_LAYER,306,709,CPU,graph_q4j9ycjc
5069015860,FORWARD_PROPAGATE_LAYER,307,754,CPU,graph_q4j9ycjc
5069015860,FORWARD_PROPAGATE_LAYER,308,771,CPU,graph_q4j9ycjc
5069015860,FORWARD_PROPAGATE_LAYER,309,7049,CPU,graph_q4j9ycjc
5069015860,FORWARD_PROPAGATE_LAYER,310,1650,CPU,graph_q4j9ycjc
5069015860,FORWARD_PROPAGATE_LAYER,311,646,CPU,graph_q4j9ycjc
5069015860,FORWARD_PROPAGATE_LAYER,312,1243,CPU,graph_q4j9ycjc
5069015860,FORWARD_PROPAGATE_LAYER,313,795,CPU,graph_q4j9ycjc
5069015860,FORWARD_PROPAGATE_LAYER,314,746,CPU,graph_q4j9ycjc
5069015860,FORWARD_PROPAGATE_LAYER,315,675,CPU,graph_q4j9ycjc
5069015860,FORWARD_PROPAGATE_LAYER,316,42,CPU,graph_q4j9ycjc
5069015860,FORWARD_PROPAGATE_LAYER,317,33,CPU,graph_q4j9ycjc
5069015860,FORWARD_PROPAGATE_LAYER,318,346,CPU,graph_q4j9ycjc
5069015860,FORWARD_PROPAGATE_LAYER,319,479,CPU,graph_q4j9ycjc
5069015860,FORWARD_PROPAGATE_LAYER,320,17,CPU,graph_q4j9ycjc
5069015860,FORWARD_PROPAGATE_LAYER,321,1027,CPU,graph_q4j9ycjc
5069015860,FORWARD_PROPAGATE_LAYER,322,795,CPU,graph_q4j9ycjc
5069015860,FORWARD_PROPAGATE_LAYER,323,751,CPU,graph_q4j9ycjc
5069015860,FORWARD_PROPAGATE_LAYER,324,728,CPU,graph_q4j9ycjc
5069015860,FORWARD_PROPAGATE_LAYER,325,3597,CPU,graph_q4j9ycjc
5069015860,FORWARD_PROPAGATE_LAYER,326,1149,CPU,graph_q4j9ycjc
5069015860,FORWARD_PROPAGATE_LAYER,327,1549,CPU,graph_q4j9ycjc
5069015860,FORWARD_PROPAGATE_LAYER,328,5354,CPU,graph_q4j9ycjc
5069015860,FORWARD_PROPAGATE_LAYER,329,2800,CPU,graph_q4j9ycjc
5069015860,FORWARD_PROPAGATE_LAYER,330,1433,CPU,graph_q4j9ycjc
5069015860,FORWARD_PROPAGATE_LAYER,331,2494,CPU,graph_q4j9ycjc
5069015860,FORWARD_PROPAGATE_LAYER,332,1563,CPU,graph_q4j9ycjc
5069015860,FORWARD_PROPAGATE_LAYER,333,1463,CPU,graph_q4j9ycjc
5069015860,FORWARD_PROPAGATE_LAYER,334,1565,CPU,graph_q4j9ycjc
5069015860,FORWARD_PROPAGATE_LAYER,335,2046,CPU,graph_q4j9ycjc
5069015860,FORWARD_PROPAGATE_LAYER,336,2553,CPU,graph_q4j9ycjc
5069015860,FORWARD_PROPAGATE_LAYER,337,1540,CPU,graph_q4j9ycjc
5069015860,FORWARD_PROPAGATE_LAYER,338,1383,CPU,graph_q4j9ycjc
5069015860,FORWARD_PROPAGATE_LAYER,339,1409,CPU,graph_q4j9ycjc
5069015860,FORWARD_PROPAGATE_LAYER,340,7078,CPU,graph_q4j9ycjc
5069015860,FORWARD_PROPAGATE_LAYER,341,2883,CPU,graph_q4j9ycjc
5069015860,FORWARD_PROPAGATE_LAYER,342,1425,CPU,graph_q4j9ycjc
5069015860,FORWARD_PROPAGATE_LAYER,343,2404,CPU,graph_q4j9ycjc
5069015860,FORWARD_PROPAGATE_LAYER,344,1516,CPU,graph_q4j9ycjc
5069015860,FORWARD_PROPAGATE_LAYER,345,1386,CPU,graph_q4j9ycjc
5069015860,FORWARD_PROPAGATE_LAYER,346,1504,CPU,graph_q4j9ycjc
5069015860,FORWARD_PROPAGATE_LAYER,347,143,CPU,graph_q4j9ycjc
5069015860,FORWARD_PROPAGATE_LAYER,348,120,CPU,graph_q4j9ycjc
5069015860,FORWARD_PROPAGATE_LAYER,349,1034,CPU,graph_q4j9ycjc
5069015860,FORWARD_PROPAGATE_LAYER,350,766,CPU,graph_q4j9ycjc
5069015860,FORWARD_PROPAGATE_LAYER,351,38,CPU,graph_q4j9ycjc
5069015860,FORWARD_PROPAGATE_LAYER,352,2545,CPU,graph_q4j9ycjc
5069015860,FORWARD_PROPAGATE_LAYER,353,1486,CPU,graph_q4j9ycjc
5069015860,FORWARD_PROPAGATE_LAYER,354,1364,CPU,graph_q4j9ycjc
5069015860,FORWARD_PROPAGATE_LAYER,355,1487,CPU,graph_q4j9ycjc
5069015860,FORWARD_PROPAGATE_LAYER,356,3622,CPU,graph_q4j9ycjc
5069015860,FORWARD_PROPAGATE_LAYER,357,2281,CPU,graph_q4j9ycjc
5069015860,FORWARD_PROPAGATE_LAYER,358,3065,CPU,graph_q4j9ycjc
5069015860,FORWARD_PROPAGATE_LAYER,359,11707,CPU,graph_q4j9ycjc
5069015860,FORWARD_PROPAGATE_LAYER,360,5956,CPU,graph_q4j9ycjc
5069015860,FORWARD_PROPAGATE_LAYER,361,3056,CPU,graph_q4j9ycjc
5069015860,FORWARD_PROPAGATE_LAYER,362,4938,CPU,graph_q4j9ycjc
5069015860,FORWARD_PROPAGATE_LAYER,363,3233,CPU,graph_q4j9ycjc
5069015860,FORWARD_PROPAGATE_LAYER,364,3152,CPU,graph_q4j9ycjc
5069015860,FORWARD_PROPAGATE_LAYER,365,3221,CPU,graph_q4j9ycjc
5069015860,FORWARD_PROPAGATE_LAYER,366,4197,CPU,graph_q4j9ycjc
5069015860,FORWARD_PROPAGATE_LAYER,367,5860,CPU,graph_q4j9ycjc
5069015860,FORWARD_PROPAGATE_LAYER,368,3063,CPU,graph_q4j9ycjc
5069015860,FORWARD_PROPAGATE_LAYER,369,2915,CPU,graph_q4j9ycjc
5069015860,FORWARD_PROPAGATE_LAYER,370,3153,CPU,graph_q4j9ycjc
5069015860,FORWARD_PROPAGATE_LAYER,371,7574,CPU,graph_q4j9ycjc
5069015860,FORWARD_PROPAGATE_LAYER,372,6282,CPU,graph_q4j9ycjc
5069015860,FORWARD_PROPAGATE_LAYER,373,3103,CPU,graph_q4j9ycjc
5069015860,FORWARD_PROPAGATE_LAYER,374,4891,CPU,graph_q4j9ycjc
5069015860,FORWARD_PROPAGATE_LAYER,375,3286,CPU,graph_q4j9ycjc
5069015860,FORWARD_PROPAGATE_LAYER,376,3115,CPU,graph_q4j9ycjc
5069015860,FORWARD_PROPAGATE_LAYER,377,3210,CPU,graph_q4j9ycjc
5069015860,FORWARD_PROPAGATE_LAYER,378,549,CPU,graph_q4j9ycjc
5069015860,FORWARD_PROPAGATE_LAYER,379,461,CPU,graph_q4j9ycjc
5069015860,FORWARD_PROPAGATE_LAYER,380,4139,CPU,graph_q4j9ycjc
5069015860,FORWARD_PROPAGATE_LAYER,381,1388,CPU,graph_q4j9ycjc
5069015860,FORWARD_PROPAGATE_LAYER,382,182,CPU,graph_q4j9ycjc
5069015860,FORWARD_PROPAGATE_LAYER,383,134,CPU,graph_q4j9ycjc
5069015860,FORWARD_PROPAGATE_LAYER,384,118,CPU,graph_q4j9ycjc
5069015860,FORWARD_PROPAGATE_LAYER,385,135,CPU,graph_q4j9ycjc
5069015860,FORWARD_PROPAGATE_LAYER,386,40,CPU,graph_q4j9ycjc
5069015860,FORWARD_PROPAGATE_LAYER,387,2375,CPU,graph_q4j9ycjc
5069015860,FORWARD_PROPAGATE_LAYER,388,52,CPU,graph_q4j9ycjc
5069015860,FORWARD_PROPAGATE_LAYER,389,5242,CPU,graph_q4j9ycjc
5069015860,FORWARD_PROPAGATE_LAYER,390,145,CPU,graph_q4j9ycjc
5069015860,FORWARD_PROPAGATE_LAYER,391,463,CPU,graph_q4j9ycjc
5069015860,FORWARD_PROPAGATE_LAYER,392,771,CPU,graph_q4j9ycjc
5069015860,FORWARD_PROPAGATE_LAYER,393,462,CPU,graph_q4j9ycjc
5069015860,FORWARD_PROPAGATE_LAYER,394,190,CPU,graph_q4j9ycjc
5069015860,FORWARD_PROPAGATE_LAYER,395,131,CPU,graph_q4j9ycjc
5069015860,FORWARD_PROPAGATE_LAYER,396,64,CPU,graph_q4j9ycjc
5069015860,FORWARD_PROPAGATE_LAYER,397,1982,CPU,graph_q4j9ycjc
