model,sample,mask_pct,psnr_full,psnr_hole,ssim,lpips_vgg
sd15_inpaint_12step,002,4.59,18.030322747885712,17.70464542972695,0.4901297092437744,0.20779964327812195
migan_npu,002,4.59,18.1948534460296,23.746035961836895,0.4967404901981354,0.196956068277359
lama_npu,002,4.59,18.227569944770504,27.58491060980829,0.509006679058075,0.19244638085365295
aotgan_npu,002,4.59,18.075753024546614,18.72987045005969,0.49906936287879944,0.2031201422214508
sd15_inpaint_12step,024,7.78,19.720062184773024,15.418363965271716,0.6052711009979248,0.22027631103992462
migan_npu,024,7.78,20.423656049920407,20.85529578425556,0.6306713223457336,0.1943589448928833
lama_npu,024,7.78,20.494232967287598,21.983984616312156,0.6381897330284119,0.19353732466697693
aotgan_npu,024,7.78,20.385228863138728,20.33920707305715,0.6340184211730957,0.20515093207359314
sd15_inpaint_12step,034,11.44,17.99596662639036,9.263779618142934,0.8112718462944031,0.189785897731781
migan_npu,034,11.44,21.2936284338036,13.497192932427254,0.8388944268226624,0.16587650775909424
lama_npu,034,11.44,21.621550598488014,13.981849929921939,0.8539907932281494,0.1621702015399933
aotgan_npu,034,11.44,22.000008627219138,14.564864059718577,0.8521647453308105,0.1597888171672821
sd15_inpaint_12step,040,2.49,19.985698389236617,9.90155256406394,0.43135687708854675,0.19770103693008423
migan_npu,040,2.49,20.598503615458643,13.07330819955514,0.4341306686401367,0.1918414980173111
lama_npu,040,2.49,20.39490094042515,11.79993993238747,0.4358537495136261,0.19006608426570892
aotgan_npu,040,2.49,19.508679721405695,8.266383737502336,0.4329274594783783,0.19370554387569427
sd15_inpaint_12step,044,20.58,20.35214249088675,14.06312657889703,0.7862648367881775,0.22511792182922363
migan_npu,044,20.58,21.889067238060033,15.86973693210195,0.8114551901817322,0.198275625705719
lama_npu,044,20.58,23.140245877427933,17.44435405993932,0.853078305721283,0.1985052525997162
aotgan_npu,044,20.58,21.08895886221033,14.915330166922757,0.8369607925415039,0.19425438344478607
sd15_inpaint_12step,046,28.23,17.643923237773187,12.606822735959897,0.645240843296051,0.3345353901386261
migan_npu,046,28.23,23.501405933666778,20.108862448526406,0.7635601162910461,0.2519958019256592
lama_npu,046,28.23,23.274273091784217,19.74627911328248,0.830853283405304,0.23707988858222961
aotgan_npu,046,28.23,22.360468062564287,18.385027949014976,0.8159963488578796,0.23030614852905273
sd15_inpaint_12step,066,0.68,20.166407527604292,11.578491144901788,0.42227792739868164,0.3201705515384674
migan_npu,066,0.68,20.009618125531155,9.139058420894768,0.42281222343444824,0.3189014792442322
lama_npu,066,0.68,20.07267722236819,9.973008235220584,0.4230673611164093,0.3187781870365143
aotgan_npu,066,0.68,20.09600220430467,10.323486929850889,0.4228435456752777,0.3190673887729645
sd15_inpaint_12step,074,14.82,23.61046482793409,18.242884966111667,0.8126606941223145,0.33981794118881226
migan_npu,074,14.82,25.28274478979991,22.5224907019305,0.8611335754394531,0.3198184370994568
lama_npu,074,14.82,25.531396545363382,23.48565316357316,0.9102758765220642,0.2971982955932617
aotgan_npu,074,14.82,25.510403953357855,23.397875979341315,0.8992624878883362,0.2985263168811798
sd15_inpaint_12step,080,49.45,10.848414455778778,9.847768676825112,0.2423640489578247,0.5747535228729248
migan_npu,080,49.45,9.697228295044976,8.123386123813217,0.30776914954185486,0.5730025172233582
lama_npu,080,49.45,10.364359854349692,9.094674111990303,0.4515962600708008,0.5447894334793091
aotgan_npu,080,49.45,10.817258659769323,9.797843161917651,0.39416536688804626,0.5361683368682861
sd15_inpaint_12step,096,9.34,20.340398283269376,15.989925485157917,0.8014597296714783,0.20500732958316803
migan_npu,096,9.34,20.837545480124202,18.39692341002547,0.8148024082183838,0.19287267327308655
lama_npu,096,9.34,20.616994185335642,17.19737602922117,0.8284991383552551,0.19061917066574097
aotgan_npu,096,9.34,20.051828015310683,14.951000849707581,0.8114326596260071,0.20225898921489716
