sample,mask_pct,psnr_full,psnr_hole,psnr_hole_rawout,ssim
001,7.98,30.1561,19.4564,19.4563,0.9444
002,4.59,18.2218,26.6178,26.6231,0.5069
003,3.32,32.0966,40.3078,40.3994,0.9257
004,9.16,21.4397,17.0186,17.0188,0.5987
005,9.01,22.9165,13.7145,13.7145,0.8327
006,14.49,24.7453,17.6936,17.6935,0.9162
007,11.84,31.2735,23.2042,23.2047,0.959
008,16.26,27.0809,19.6523,19.6533,0.9028
009,8.44,29.4035,20.4232,20.4241,0.957
010,11.11,30.3859,22.0397,22.041,0.921
011,9.75,34.7339,25.7906,25.796,0.9681
012,12.33,32.5192,24.9021,24.9051,0.9019
013,11.25,25.1674,17.6337,17.6336,0.8328
014,3.14,20.5028,23.3628,23.3641,0.6685
015,6.09,37.528,32.538,32.5753,0.961
016,4.49,20.7413,21.0425,21.0429,0.5952
017,18.79,14.6119,12.06,12.0603,0.2636
018,35.17,25.0701,20.9457,20.9467,0.9123
019,27.03,34.0419,28.927,28.9302,0.9207
020,8.89,22.7887,27.3962,27.4,0.4808
021,10.94,21.6513,17.4434,17.4436,0.3946
022,2.25,14.2034,22.8334,22.8358,0.4645
023,6.92,33.4573,25.5679,25.5707,0.9432
024,7.78,20.5536,23.2088,23.2107,0.6414
025,10.77,19.8481,20.8117,20.8125,0.2129
026,9.33,16.9791,13.418,13.4187,0.6228
027,35.6,19.7093,15.3207,15.3212,0.7887
028,20.22,20.6303,14.0145,14.0145,0.8202
029,40.96,21.573,17.8117,17.812,0.7141
030,6.94,15.5986,12.2576,12.2577,0.4344
031,5.93,28.4555,17.0774,17.0771,0.9495
032,16.41,20.1313,12.7889,12.7892,0.8932
033,25.93,15.7032,9.9198,9.9201,0.7789
034,11.44,21.7314,14.1482,14.1483,0.8471
035,30.44,25.7076,21.0528,21.054,0.916
036,14.53,18.5392,14.374,14.3743,0.2048
037,10.54,32.1995,24.7182,24.7203,0.9362
038,9.69,21.2985,11.8568,11.8571,0.8794
039,5.07,28.9095,18.7655,18.7658,0.9154
040,2.49,20.8155,14.9178,14.9185,0.4355
041,29.12,23.8945,18.6753,18.6752,0.7794
042,18.87,20.4769,13.5026,13.5028,0.822
043,30.17,28.5512,23.7585,23.7592,0.8563
044,20.58,23.2709,17.6161,17.6164,0.8382
045,41.33,21.8449,20.1932,20.1942,0.6587
046,28.23,24.0092,20.9653,20.9654,0.8111
047,5.23,37.7619,27.9785,27.9858,0.9786
048,29.51,31.5224,27.9776,27.9799,0.8456
049,12.44,26.7331,18.1054,18.1061,0.941
050,2.54,33.7653,20.7947,20.7948,0.971
051,3.65,30.9496,21.8405,21.8422,0.9571
052,9.38,28.6245,19.1702,19.1708,0.9448
053,3.59,30.5935,18.2198,18.22,0.9622
054,6.28,27.0357,16.944,16.9444,0.9265
055,4.52,30.0142,19.5299,19.5309,0.963
056,23.01,32.9448,28.7857,28.7902,0.915
057,16.48,15.4355,7.7244,7.7254,0.8411
058,3.9,28.0993,15.0526,15.0519,0.953
059,5.53,33.3367,24.8181,24.8197,0.9511
060,9.26,27.2847,17.981,17.9814,0.9308
061,14.54,13.6881,9.7577,9.7578,0.5865
062,13.05,12.9923,8.5644,8.5647,0.3043
063,14.8,15.6965,10.0453,10.0453,0.4243
064,2.38,21.4278,16.2797,16.2783,0.686
065,0.99,19.7081,10.0912,10.0914,0.6581
066,0.68,20.0098,9.1414,9.1412,0.4227
067,1.47,28.0794,22.2549,22.2559,0.6736
068,0.82,25.3959,19.6988,19.7001,0.8371
069,19.03,20.1863,14.0258,14.0258,0.8046
070,1.35,28.1461,17.2855,17.2857,0.5998
071,4.15,22.177,13.8583,13.8583,0.8312
072,0.77,17.4603,10.985,10.9851,0.4706
073,15.49,12.0333,6.9294,6.9296,0.6826
074,14.82,25.6607,24.0587,24.0599,0.8979
075,19.13,16.6952,14.7477,14.7477,0.5292
076,25.57,9.0113,5.5306,5.5309,0.4466
077,35.53,12.3467,10.0601,10.0603,0.1777
078,19.55,15.478,11.8708,11.8711,0.63
079,24.0,15.708,13.7874,13.7878,0.4568
080,49.45,9.2563,7.5149,7.515,0.3365
081,21.14,19.8528,15.5896,15.5899,0.7712
082,30.93,17.9484,16.863,16.8636,0.7952
083,1.21,19.0132,13.5564,13.5571,0.4944
084,1.45,27.3638,15.6763,15.6761,0.5838
085,20.14,17.8229,18.4708,18.4712,0.6066
086,21.75,19.895,14.6042,14.6045,0.796
087,7.02,22.9828,13.2572,13.257,0.8568
088,9.96,21.9781,16.1551,16.1552,0.5615
089,1.61,21.8215,27.3154,27.3218,0.4921
090,10.37,16.3235,13.3438,13.344,0.3722
091,27.04,13.8877,13.1745,13.1748,0.1419
092,22.0,20.0828,14.5174,14.5177,0.6107
093,22.6,23.0534,18.5206,18.521,0.6169
094,2.81,28.5395,23.5706,23.5724,0.8574
095,12.98,23.1578,17.261,17.2619,0.701
096,9.34,20.9707,19.2823,19.2826,0.8337
097,9.29,25.3353,19.1891,19.1901,0.8141
098,8.18,30.0172,22.0539,22.054,0.9154
099,11.66,33.2814,24.7439,24.7457,0.9287
100,8.82,22.7602,17.596,17.5963,0.7044
101,6.56,21.5211,20.3136,20.3141,0.7077
102,4.79,30.4219,20.4319,20.431,0.9239
