sample,mask_pct,psnr_full,psnr_hole,psnr_hole_rawout,ssim,lpips_vgg
001,7.98,28.9668,18.1983,18.1983,0.9345,0.0888
002,4.59,18.1949,23.746,23.746,0.4967,0.197
003,3.32,32.0097,33.2931,33.2931,0.919,0.1043
004,9.16,21.2378,16.2717,16.2717,0.5895,0.1952
005,9.01,23.0667,13.9161,13.9161,0.8319,0.1375
006,14.49,24.0081,16.7186,16.7186,0.883,0.1626
007,11.84,30.2214,21.8656,21.8656,0.9308,0.1258
008,16.26,27.0326,19.5986,19.5986,0.879,0.1831
009,8.44,29.043,19.8935,19.8935,0.9413,0.0912
010,11.11,29.8217,21.3106,21.3106,0.91,0.1243
011,9.75,33.7319,24.5216,24.5216,0.9534,0.1099
012,12.33,31.6181,23.6842,23.6842,0.8951,0.1199
013,11.25,24.5861,16.7532,16.7532,0.8256,0.1241
014,3.14,20.4964,22.9859,22.9859,0.6639,0.214
015,6.09,35.7685,26.9739,26.974,0.9462,0.1117
016,4.49,20.7438,21.1036,21.1036,0.5915,0.1785
017,18.79,14.651,12.1768,12.1768,0.2624,0.2509
018,35.17,23.9378,19.715,19.715,0.8348,0.2896
019,27.03,29.8044,24.328,24.328,0.8615,0.1974
020,8.89,22.7352,25.925,25.925,0.4703,0.2132
021,10.94,21.9022,18.3842,18.3842,0.3881,0.2496
022,2.25,14.2006,22.0118,22.0118,0.4624,0.3007
023,6.92,32.5275,23.6346,23.6346,0.9287,0.1106
024,7.78,20.4237,20.8553,20.8553,0.6307,0.1944
025,10.77,19.7287,19.5959,19.5959,0.2045,0.282
026,9.33,16.9834,13.4386,13.4386,0.6172,0.235
027,35.6,16.1779,11.7351,11.7351,0.7173,0.3329
028,20.22,19.5451,12.8549,12.8549,0.7961,0.189
029,40.96,19.5665,15.7622,15.7622,0.6592,0.3172
030,6.94,15.6301,12.4728,12.4728,0.4358,0.3427
031,5.93,28.3906,16.9978,16.9978,0.9449,0.0643
032,16.41,21.2033,14.0143,14.0143,0.878,0.1614
033,25.93,15.8763,10.0961,10.0961,0.7622,0.2091
034,11.44,21.2936,13.4972,13.4972,0.8389,0.1659
035,30.44,25.3066,20.6042,20.6042,0.837,0.272
036,14.53,18.4055,14.0299,14.0299,0.1958,0.3127
037,10.54,31.4548,23.523,23.523,0.9226,0.1255
038,9.69,21.0016,11.5102,11.5102,0.8726,0.1094
039,5.07,25.7328,13.9135,13.9135,0.9081,0.1305
040,2.49,20.5985,13.0733,13.0733,0.4341,0.1918
041,29.12,23.8483,18.6276,18.6276,0.7666,0.2058
042,18.87,20.5871,13.6199,13.6199,0.815,0.1578
043,30.17,26.7101,21.7707,21.7707,0.8074,0.2331
044,20.58,21.8891,15.8697,15.8697,0.8115,0.1983
045,41.33,19.7195,17.0879,17.0879,0.5845,0.3657
046,28.23,23.5014,20.1089,20.1089,0.7636,0.252
047,5.23,37.031,26.6169,26.6169,0.9708,0.1157
048,29.51,26.0037,21.1289,21.1289,0.7831,0.2799
049,12.44,27.2417,18.6697,18.6697,0.9201,0.1182
050,2.54,32.932,19.2708,19.2708,0.9665,0.0472
051,3.65,30.0314,19.3098,19.3098,0.9476,0.0654
052,9.38,28.2509,18.7223,18.7223,0.9311,0.103
053,3.59,30.4108,17.9285,17.9285,0.9573,0.0623
054,6.28,27.124,17.0826,17.0826,0.9258,0.0862
055,4.52,29.3509,18.3017,18.3017,0.9547,0.0958
056,23.01,30.7317,25.5458,25.5458,0.8729,0.2056
057,16.48,16.4857,8.8077,8.8077,0.8263,0.1549
058,3.9,28.2623,15.2607,15.2607,0.9511,0.0601
059,5.53,32.9564,23.9093,23.9093,0.9414,0.0812
060,9.26,27.8443,18.7035,18.7035,0.9205,0.1006
061,14.54,13.732,9.881,9.881,0.5753,0.4663
062,13.05,13.4005,9.8022,9.8022,0.2999,0.4695
063,14.8,16.8439,12.4633,12.4633,0.4185,0.4308
064,2.38,21.3136,15.0002,15.0002,0.6812,0.306
065,0.99,19.7179,10.2013,10.2014,0.6578,0.2757
066,0.68,20.0096,9.1391,9.1391,0.4228,0.3189
067,1.47,28.0201,21.3027,21.3027,0.6726,0.3011
068,0.82,25.3956,19.6885,19.6885,0.8359,0.2678
069,19.03,20.7341,14.7356,14.7356,0.7872,0.2513
070,1.35,28.0787,16.8902,16.8902,0.5986,0.4201
071,4.15,22.3242,14.4049,14.4049,0.8257,0.3414
072,0.77,17.4589,10.9439,10.9439,0.4702,0.5188
073,15.49,12.0544,6.9716,6.9716,0.6655,0.4261
074,14.82,25.2827,22.5225,22.5225,0.8611,0.3198
075,19.13,16.3332,13.6411,13.6411,0.5142,0.4617
076,25.57,9.2843,6.0217,6.0217,0.4454,0.5104
077,35.53,12.3712,10.1008,10.1008,0.173,0.5336
078,19.55,15.6274,12.2111,12.2111,0.622,0.4496
079,24.0,16.1372,15.0479,15.0479,0.4434,0.5605
080,49.45,9.6972,8.1234,8.1234,0.3078,0.573
081,21.14,19.1573,14.4241,14.4241,0.7201,0.3244
082,30.93,16.4531,13.7776,13.7776,0.7177,0.492
083,1.21,19.0202,13.7233,13.7233,0.4945,0.4743
084,1.45,27.3913,15.8068,15.8068,0.5821,0.431
085,20.14,17.4097,16.4972,16.4972,0.5666,0.4801
086,21.75,20.4548,15.3848,15.3848,0.7687,0.2914
087,7.02,22.4425,12.4613,12.4613,0.8554,0.1361
088,9.96,22.0692,16.3986,16.3986,0.5586,0.3383
089,1.61,21.8153,26.1246,26.1246,0.491,0.3188
090,10.37,16.3054,13.2567,13.2567,0.3705,0.2622
091,27.04,13.6373,12.4327,12.4327,0.1362,0.3831
092,22.0,21.5792,16.509,16.509,0.6097,0.2997
093,22.6,22.713,18.0011,18.0011,0.6116,0.2832
094,2.81,28.6208,24.5944,24.5944,0.8544,0.1685
095,12.98,23.5354,18.0441,18.0441,0.696,0.2432
096,9.34,20.8375,18.3969,18.3969,0.8148,0.1929
097,9.29,25.1312,18.6745,18.6745,0.8015,0.1439
098,8.18,29.6925,21.4408,21.4408,0.9101,0.0934
099,11.66,32.5445,23.8727,23.8727,0.9165,0.1303
100,8.82,21.8504,15.0313,15.0313,0.6992,0.1489
101,6.56,21.423,19.297,19.297,0.6967,0.1754
102,4.79,30.3763,20.3371,20.3371,0.9156,0.0883
