sample_idx,model,mask_area_pct,tier,global_psnr,hole_psnr,ssim,lpips,pred_path
1,migan,20.937728881835938,Tier 2 (15-30%),22.912172163083685,16.121923883243433,0.8543941974639893,0.14351849257946014,Benchmark/output/migan/results/0_migan.png
2,migan,24.935531616210938,Tier 2 (15-30%),27.3826550878178,21.35283813108888,0.9049550890922546,0.1700013279914856,Benchmark/output/migan/results/1_migan.png
3,migan,15.954208374023438,Tier 2 (15-30%),25.727395788079804,17.75696037028276,0.9348461031913757,0.09328225255012512,Benchmark/output/migan/results/2_migan.png
4,migan,22.377395629882812,Tier 2 (15-30%),28.682638127635943,22.182843075152036,0.9270107746124268,0.13025110960006714,Benchmark/output/migan/results/3_migan.png
5,migan,20.635986328125,Tier 2 (15-30%),24.851503854409476,18.000380031403395,0.8538500666618347,0.10869255661964417,Benchmark/output/migan/results/4_migan.png
6,migan,27.435684204101562,Tier 2 (15-30%),23.26146723254292,17.645459951007624,0.8692317008972168,0.1567864865064621,Benchmark/output/migan/results/5_migan.png
7,migan,20.047760009765625,Tier 2 (15-30%),37.226046531563014,30.262158128541547,0.9505055546760559,0.1938711404800415,Benchmark/output/migan/results/6_migan.png
8,migan,14.788055419921875,Tier 1 (1-15%),24.95511480440873,16.655436534888935,0.9215462803840637,0.09347856044769287,Benchmark/output/migan/results/7_migan.png
9,migan,16.783523559570312,Tier 2 (15-30%),32.25612942974409,24.516114225943518,0.9485921263694763,0.137543186545372,Benchmark/output/migan/results/8_migan.png
10,migan,9.740066528320312,Tier 1 (1-15%),34.02877458896554,23.927174230715153,0.9623740315437317,0.0590534545481205,Benchmark/output/migan/results/9_migan.png
11,migan,8.786773681640625,Tier 1 (1-15%),34.09994744065266,23.544089631118347,0.9597801566123962,0.06908220052719116,Benchmark/output/migan/results/10_migan.png
12,migan,22.600555419921875,Tier 2 (15-30%),22.012151759970596,15.554151341680003,0.8702037334442139,0.17033156752586365,Benchmark/output/migan/results/11_migan.png
13,migan,11.665725708007812,Tier 1 (1-15%),23.81762776966498,14.489896512332795,0.9076809287071228,0.06599093228578568,Benchmark/output/migan/results/12_migan.png
14,migan,19.025039672851562,Tier 2 (15-30%),33.20200934695715,25.9973681226656,0.8951907157897949,0.11586692184209824,Benchmark/output/migan/results/13_migan.png
15,migan,23.822402954101562,Tier 2 (15-30%),26.438666534121325,20.209441771750644,0.8918397426605225,0.16552035510540009,Benchmark/output/migan/results/14_migan.png
16,migan,18.609237670898438,Tier 2 (15-30%),26.69093839215634,19.389843982020363,0.9165246486663818,0.1330990195274353,Benchmark/output/migan/results/15_migan.png
17,migan,24.544906616210938,Tier 2 (15-30%),21.628461131130518,15.529807967225542,0.8016945719718933,0.1621762365102768,Benchmark/output/migan/results/16_migan.png
18,migan,11.642837524414062,Tier 1 (1-15%),36.52035677040549,27.192656416916027,0.9689409136772156,0.07595193386077881,Benchmark/output/migan/results/17_migan.png
19,migan,18.316650390625,Tier 2 (15-30%),29.605606865209122,22.23616968174003,0.898540735244751,0.12369024008512497,Benchmark/output/migan/results/18_migan.png
20,migan,13.15765380859375,Tier 1 (1-15%),29.124183256215765,20.321395069904305,0.9282703399658203,0.09755506366491318,Benchmark/output/migan/results/19_migan.png
21,migan,22.83782958984375,Tier 2 (15-30%),25.005382390855377,18.593149579144573,0.8518326282501221,0.14410065114498138,Benchmark/output/migan/results/20_migan.png
22,migan,20.100784301757812,Tier 2 (15-30%),26.85236124456223,19.890317347260883,0.8471565246582031,0.13012269139289856,Benchmark/output/migan/results/21_migan.png
23,migan,14.265823364257812,Tier 1 (1-15%),29.96502394326651,21.509818183938787,0.9430384635925293,0.1081022098660469,Benchmark/output/migan/results/22_migan.png
24,migan,22.52960205078125,Tier 2 (15-30%),26.342550336293016,19.872469280493043,0.8955714106559753,0.15355567634105682,Benchmark/output/migan/results/23_migan.png
25,migan,15.476608276367188,Tier 2 (15-30%),25.600676871930936,17.499159832281737,0.8866942524909973,0.10127231478691101,Benchmark/output/migan/results/24_migan.png
26,migan,20.201873779296875,Tier 2 (15-30%),23.982008775030145,17.03780200611882,0.8795134425163269,0.10223832726478577,Benchmark/output/migan/results/25_migan.png
27,migan,14.395523071289062,Tier 1 (1-15%),35.45872018738388,27.04783465084436,0.9651136994361877,0.12097994983196259,Benchmark/output/migan/results/26_migan.png
28,migan,13.88397216796875,Tier 1 (1-15%),26.806217352298876,18.233239598632128,0.9239318370819092,0.08741278946399689,Benchmark/output/migan/results/27_migan.png
29,migan,25.267410278320312,Tier 2 (15-30%),19.800909813941306,13.827011927034858,0.8027825355529785,0.1783519983291626,Benchmark/output/migan/results/28_migan.png
30,migan,17.68341064453125,Tier 2 (15-30%),24.90624806312354,17.38363104614521,0.8724579215049744,0.12222480773925781,Benchmark/output/migan/results/29_migan.png
31,migan,11.4990234375,Tier 1 (1-15%),29.42974534741586,20.041862655969812,0.9371662139892578,0.0837654173374176,Benchmark/output/migan/results/30_migan.png
32,migan,9.347915649414062,Tier 1 (1-15%),28.88698459019691,18.598426867030128,0.959029495716095,0.07545460760593414,Benchmark/output/migan/results/31_migan.png
33,migan,25.321578979492188,Tier 2 (15-30%),29.035526931803943,23.072341207761355,0.8991050124168396,0.17778709530830383,Benchmark/output/migan/results/32_migan.png
34,migan,16.574859619140625,Tier 2 (15-30%),30.02892514114241,22.224354861536302,0.9586523175239563,0.16569098830223083,Benchmark/output/migan/results/33_migan.png
35,migan,20.94573974609375,Tier 2 (15-30%),27.22502640083366,20.438182853151694,0.913257896900177,0.13059678673744202,Benchmark/output/migan/results/34_migan.png
36,migan,8.822250366210938,Tier 1 (1-15%),31.453405233537538,20.913476221573944,0.9494781494140625,0.05258077383041382,Benchmark/output/migan/results/35_migan.png
37,migan,19.025039672851562,Tier 2 (15-30%),28.055653012667907,20.850374962347054,0.9200670123100281,0.15439896285533905,Benchmark/output/migan/results/36_migan.png
38,migan,17.976760864257812,Tier 2 (15-30%),28.443708798189014,20.993149332879106,0.912283718585968,0.11252070963382721,Benchmark/output/migan/results/37_migan.png
39,migan,14.818572998046875,Tier 1 (1-15%),25.369480209540093,17.0781722923142,0.9216773509979248,0.09822136163711548,Benchmark/output/migan/results/38_migan.png
40,migan,7.1197509765625,Tier 1 (1-15%),37.75868213051908,26.291929321916147,0.9845321774482727,0.06986908614635468,Benchmark/output/migan/results/39_migan.png
41,migan,24.565887451171875,Tier 2 (15-30%),25.323000049965252,19.2270215619105,0.8829274773597717,0.18250247836112976,Benchmark/output/migan/results/40_migan.png
42,migan,13.076019287109375,Tier 1 (1-15%),28.936081205975025,20.102949037281906,0.9446660876274109,0.10495250672101974,Benchmark/output/migan/results/41_migan.png
43,migan,18.505477905273438,Tier 2 (15-30%),29.864848355588602,22.543297566094633,0.9329331517219543,0.12927314639091492,Benchmark/output/migan/results/42_migan.png
44,migan,26.513290405273438,Tier 2 (15-30%),22.365761328089818,16.600724330801455,0.909107506275177,0.15802934765815735,Benchmark/output/migan/results/43_migan.png
45,migan,17.894363403320312,Tier 2 (15-30%),32.26310746397017,24.797822465786815,0.9245584011077881,0.11115509271621704,Benchmark/output/migan/results/44_migan.png
46,migan,22.177505493164062,Tier 2 (15-30%),24.97387350456606,18.433715066953717,0.8736002445220947,0.16586419939994812,Benchmark/output/migan/results/45_migan.png
47,migan,23.913192749023438,Tier 2 (15-30%),23.979809027166098,17.76698061342921,0.8783605694770813,0.1341860443353653,Benchmark/output/migan/results/46_migan.png
48,migan,28.710174560546875,Tier 2 (15-30%),25.000895789250013,19.5823988456501,0.8693375587463379,0.20875796675682068,Benchmark/output/migan/results/47_migan.png
49,migan,19.966506958007812,Tier 2 (15-30%),29.656293117682686,22.661111492815138,0.9468395709991455,0.16323640942573547,Benchmark/output/migan/results/48_migan.png
50,migan,21.091079711914062,Tier 2 (15-30%),24.51796830249979,17.759591477373856,0.9011357426643372,0.1488465964794159,Benchmark/output/migan/results/49_migan.png
51,migan,11.298751831054688,Tier 1 (1-15%),31.764813015217392,22.300751246909158,0.9638344645500183,0.07350407540798187,Benchmark/output/migan/results/50_migan.png
52,migan,15.44189453125,Tier 2 (15-30%),26.53881792736935,18.42725858287373,0.9019144177436829,0.09253130853176117,Benchmark/output/migan/results/51_migan.png
53,migan,10.029220581054688,Tier 1 (1-15%),25.694766185178075,15.708166194254025,0.9515092968940735,0.05586996674537659,Benchmark/output/migan/results/52_migan.png
54,migan,23.897933959960938,Tier 2 (15-30%),36.32759571156855,30.128061536552636,0.9286397099494934,0.20398525893688202,Benchmark/output/migan/results/53_migan.png
55,migan,18.149566650390625,Tier 2 (15-30%),30.26239543120876,22.857085530778384,0.9267768859863281,0.09969571977853775,Benchmark/output/migan/results/54_migan.png
56,migan,10.077285766601562,Tier 1 (1-15%),29.805774126160763,19.84577208987043,0.9496096968650818,0.07581925392150879,Benchmark/output/migan/results/55_migan.png
57,migan,23.349380493164062,Tier 2 (15-30%),27.60656041710774,21.291196796087284,0.9088666439056396,0.1809934675693512,Benchmark/output/migan/results/56_migan.png
58,migan,23.314285278320312,Tier 2 (15-30%),19.760483872153188,13.437007410176731,0.8697096705436707,0.14399828016757965,Benchmark/output/migan/results/57_migan.png
59,migan,22.863006591796875,Tier 2 (15-30%),21.009423644282954,14.60139697040349,0.873823344707489,0.1300477236509323,Benchmark/output/migan/results/58_migan.png
60,migan,12.802886962890625,Tier 1 (1-15%),23.390307140345406,14.464923792804568,0.9099845290184021,0.08014322072267532,Benchmark/output/migan/results/59_migan.png
61,migan,26.64642333984375,Tier 2 (15-30%),23.13640790124446,17.3939795390817,0.8213545680046082,0.1381397545337677,Benchmark/output/migan/results/60_migan.png
62,migan,9.27734375,Tier 1 (1-15%),28.35515883879784,18.0311165081819,0.9599168300628662,0.07368181645870209,Benchmark/output/migan/results/61_migan.png
63,migan,17.3675537109375,Tier 2 (15-30%),26.5243019706187,18.923912228757167,0.9105861186981201,0.09631838649511337,Benchmark/output/migan/results/62_migan.png
64,migan,18.577957153320312,Tier 2 (15-30%),23.82378795451644,16.51575022414573,0.8630596995353699,0.10884231328964233,Benchmark/output/migan/results/63_migan.png
65,migan,23.81439208984375,Tier 2 (15-30%),23.892362561270083,17.661673563890773,0.8351580500602722,0.13560603559017181,Benchmark/output/migan/results/64_migan.png
66,migan,8.3221435546875,Tier 1 (1-15%),24.269178622789894,13.472602889695224,0.9484514594078064,0.05712062492966652,Benchmark/output/migan/results/65_migan.png
67,migan,24.184417724609375,Tier 2 (15-30%),27.599511048122395,21.43658633358114,0.9076105952262878,0.16719472408294678,Benchmark/output/migan/results/66_migan.png
68,migan,18.698883056640625,Tier 2 (15-30%),29.078580162037646,21.801575676620338,0.8792551159858704,0.11253057420253754,Benchmark/output/migan/results/67_migan.png
69,migan,17.400360107421875,Tier 2 (15-30%),28.64707520287734,21.054162092565107,0.9347732067108154,0.13355471193790436,Benchmark/output/migan/results/68_migan.png
70,migan,15.204238891601562,Tier 2 (15-30%),30.454123546226135,22.276286324761024,0.9424887299537659,0.1017102301120758,Benchmark/output/migan/results/69_migan.png
71,migan,25.145339965820312,Tier 2 (15-30%),25.07911839521568,19.084764648637663,0.8290355205535889,0.15451474487781525,Benchmark/output/migan/results/70_migan.png
72,migan,19.309234619140625,Tier 2 (15-30%),21.85247303068481,14.710996899852011,0.8617415428161621,0.10837987810373306,Benchmark/output/migan/results/71_migan.png
73,migan,13.224029541015625,Tier 1 (1-15%),27.811163461579277,19.026727050984316,0.9253745079040527,0.08604545891284943,Benchmark/output/migan/results/72_migan.png
74,migan,26.877212524414062,Tier 2 (15-30%),17.567030674762876,11.861446855923274,0.8334380984306335,0.1784346103668213,Benchmark/output/migan/results/73_migan.png
75,migan,17.11578369140625,Tier 2 (15-30%),31.85066683714045,24.190167306072357,0.9484032988548279,0.13906089961528778,Benchmark/output/migan/results/74_migan.png
76,migan,26.746368408203125,Tier 2 (15-30%),23.75482762367521,18.028508877018012,0.8492218852043152,0.1722111701965332,Benchmark/output/migan/results/75_migan.png
77,migan,11.080169677734375,Tier 1 (1-15%),26.7251527396714,17.173406862036945,0.9251394271850586,0.06422913074493408,Benchmark/output/migan/results/76_migan.png
78,migan,22.04132080078125,Tier 2 (15-30%),27.991627758673047,21.427092800031225,0.9141817092895508,0.1544540673494339,Benchmark/output/migan/results/77_migan.png
79,migan,25.6500244140625,Tier 2 (15-30%),26.589395705996598,20.684086931413795,0.8643519282341003,0.16873282194137573,Benchmark/output/migan/results/78_migan.png
80,migan,15.677642822265625,Tier 2 (15-30%),28.23839996731714,20.196749272056657,0.8951857089996338,0.09256665408611298,Benchmark/output/migan/results/79_migan.png
81,migan,20.853424072265625,Tier 2 (15-30%),28.216694584534313,21.41086281902499,0.895048201084137,0.14210817217826843,Benchmark/output/migan/results/80_migan.png
82,migan,26.717758178710938,Tier 2 (15-30%),28.954946034459294,23.225132642548694,0.9219756126403809,0.2202872335910797,Benchmark/output/migan/results/81_migan.png
83,migan,34.7442626953125,Tier 3 (30-50%),15.934392858496665,11.343471105731203,0.7572869658470154,0.2060384452342987,Benchmark/output/migan/results/82_migan.png
84,migan,19.085693359375,Tier 2 (15-30%),26.389181691945076,19.19897540273794,0.8864390254020691,0.11537790298461914,Benchmark/output/migan/results/83_migan.png
85,migan,10.34698486328125,Tier 1 (1-15%),25.48836953562496,15.637567600660802,0.9336406588554382,0.06050139665603638,Benchmark/output/migan/results/84_migan.png
86,migan,16.919326782226562,Tier 2 (15-30%),27.47015859742192,19.756432421567812,0.9238860011100769,0.12830722332000732,Benchmark/output/migan/results/85_migan.png
87,migan,25.388717651367188,Tier 2 (15-30%),28.44529868059186,22.49415708903068,0.8918431401252747,0.17442943155765533,Benchmark/output/migan/results/86_migan.png
88,migan,20.130538940429688,Tier 2 (15-30%),27.47377792281948,20.51481347735394,0.9317187666893005,0.15587298572063446,Benchmark/output/migan/results/87_migan.png
89,migan,26.736068725585938,Tier 2 (15-30%),23.20203086212409,17.473416692095633,0.9293792843818665,0.19063618779182434,Benchmark/output/migan/results/88_migan.png
90,migan,13.103485107421875,Tier 1 (1-15%),35.816556490629985,27.01786663687569,0.9531335830688477,0.10442768037319183,Benchmark/output/migan/results/89_migan.png
91,migan,12.146759033203125,Tier 1 (1-15%),30.321210169808456,21.169218905348824,0.9522989392280579,0.07000865787267685,Benchmark/output/migan/results/90_migan.png
92,migan,25.587844848632812,Tier 2 (15-30%),27.374474359282015,21.45929690916507,0.8430374264717102,0.13530823588371277,Benchmark/output/migan/results/91_migan.png
93,migan,24.95574951171875,Tier 2 (15-30%),30.92809362664986,24.904843895579567,0.9214757084846497,0.19637873768806458,Benchmark/output/migan/results/92_migan.png
94,migan,17.537307739257812,Tier 2 (15-30%),33.34713653503628,25.791382957802547,0.9255803227424622,0.13321690261363983,Benchmark/output/migan/results/93_migan.png
95,migan,9.3017578125,Tier 1 (1-15%),26.653220648249913,16.340820675880643,0.947720468044281,0.06365853548049927,Benchmark/output/migan/results/94_migan.png
96,migan,24.502182006835938,Tier 2 (15-30%),26.65055103907124,20.54427920366149,0.8781560063362122,0.1732916682958603,Benchmark/output/migan/results/95_migan.png
97,migan,15.63262939453125,Tier 2 (15-30%),27.31372446686646,19.25638240830937,0.9343950152397156,0.14342384040355682,Benchmark/output/migan/results/96_migan.png
98,migan,8.14666748046875,Tier 1 (1-15%),30.58799428903699,19.70080670657115,0.964840829372406,0.06877274066209793,Benchmark/output/migan/results/97_migan.png
99,migan,21.23870849609375,Tier 2 (15-30%),23.70759652551431,16.979761601656694,0.8978104591369629,0.1162431538105011,Benchmark/output/migan/results/98_migan.png
100,migan,11.260223388671875,Tier 1 (1-15%),26.14468033005648,16.66164952751877,0.9251489043235779,0.06315385550260544,Benchmark/output/migan/results/99_migan.png
101,migan,9.53826904296875,Tier 1 (1-15%),27.989783373458824,17.787669572647243,0.952485978603363,0.08055788278579712,Benchmark/output/migan/results/100_migan.png
102,migan,17.345428466796875,Tier 2 (15-30%),27.203909070758996,19.597861019860158,0.9110426902770996,0.126705139875412,Benchmark/output/migan/results/101_migan.png
103,migan,22.961807250976562,Tier 2 (15-30%),28.250865012852977,21.863488890227558,0.8674690127372742,0.13352330029010773,Benchmark/output/migan/results/102_migan.png
104,migan,13.716888427734375,Tier 1 (1-15%),30.262870042836546,21.639385386346667,0.9385055899620056,0.11487079411745071,Benchmark/output/migan/results/103_migan.png
105,migan,14.290237426757812,Tier 1 (1-15%),30.362330296037946,21.913609564479867,0.9497871398925781,0.10199597477912903,Benchmark/output/migan/results/104_migan.png
106,migan,11.085891723632812,Tier 1 (1-15%),35.10941412271754,25.565658303662893,0.9569613337516785,0.0600779727101326,Benchmark/output/migan/results/105_migan.png
107,migan,17.626953125,Tier 2 (15-30%),25.72015827037633,18.183402904411448,0.9169609546661377,0.09400922805070877,Benchmark/output/migan/results/106_migan.png
108,migan,22.66387939453125,Tier 2 (15-30%),20.13530996059369,13.689326068438145,0.836260974407196,0.13073116540908813,Benchmark/output/migan/results/107_migan.png
109,migan,17.950057983398438,Tier 2 (15-30%),24.7736259223445,17.31563620608604,0.896400511264801,0.11285500228404999,Benchmark/output/migan/results/108_migan.png
110,migan,22.79510498046875,Tier 2 (15-30%),20.302308085750937,13.881277921276158,0.8357771039009094,0.1502751111984253,Benchmark/output/migan/results/109_migan.png
111,migan,14.300155639648438,Tier 1 (1-15%),27.18044653707642,18.736604847556375,0.8939130306243896,0.07605087757110596,Benchmark/output/migan/results/110_migan.png
112,migan,10.779190063476562,Tier 1 (1-15%),30.414011336768784,20.74298369827986,0.9415073394775391,0.06108323484659195,Benchmark/output/migan/results/111_migan.png
113,migan,31.937408447265625,Tier 3 (30-50%),17.578951974341173,12.622172317258736,0.7570061087608337,0.19997632503509521,Benchmark/output/migan/results/112_migan.png
114,migan,11.353302001953125,Tier 1 (1-15%),25.839945415585596,16.39217536784092,0.9536539912223816,0.061902355402708054,Benchmark/output/migan/results/113_migan.png
115,migan,8.566665649414062,Tier 1 (1-15%),28.99984692746191,18.33394336597957,0.9452996253967285,0.057428520172834396,Benchmark/output/migan/results/114_migan.png
116,migan,16.369247436523438,Tier 2 (15-30%),23.24647726336195,15.388395522072082,0.8710185885429382,0.10141099989414215,Benchmark/output/migan/results/115_migan.png
117,migan,22.736740112304688,Tier 2 (15-30%),17.43619968465041,11.00384963194098,0.8304911255836487,0.14340686798095703,Benchmark/output/migan/results/116_migan.png
118,migan,21.509933471679688,Tier 2 (15-30%),21.656705436328096,14.983747468366888,0.8575535416603088,0.14869077503681183,Benchmark/output/migan/results/117_migan.png
119,migan,14.298629760742188,Tier 1 (1-15%),22.905542064167882,14.460635743926149,0.8820653557777405,0.08419308811426163,Benchmark/output/migan/results/118_migan.png
120,migan,26.863861083984375,Tier 2 (15-30%),20.458168358689754,14.750460340077629,0.8531679511070251,0.19920383393764496,Benchmark/output/migan/results/119_migan.png
121,migan,25.780487060546875,Tier 2 (15-30%),25.08966482543816,19.20512035634857,0.8620825409889221,0.1523178517818451,Benchmark/output/migan/results/120_migan.png
122,migan,9.679412841796875,Tier 1 (1-15%),31.74650151023917,21.609624378040447,0.9522584080696106,0.0616501122713089,Benchmark/output/migan/results/121_migan.png
123,migan,16.134262084960938,Tier 2 (15-30%),39.597944433713884,31.695152403164577,0.9644773602485657,0.1398787498474121,Benchmark/output/migan/results/122_migan.png
124,migan,16.556167602539062,Tier 2 (15-30%),27.61861760419913,19.81024969773058,0.9283971786499023,0.11779004335403442,Benchmark/output/migan/results/123_migan.png
125,migan,17.639923095703125,Tier 2 (15-30%),28.8951527417806,21.36112875302404,0.9348422884941101,0.13460633158683777,Benchmark/output/migan/results/124_migan.png
126,migan,24.176406860351562,Tier 2 (15-30%),19.93939863532246,13.773760496480236,0.8490133285522461,0.12792396545410156,Benchmark/output/migan/results/125_migan.png
127,migan,12.961578369140625,Tier 1 (1-15%),25.899096833659485,17.02753788022878,0.9073247909545898,0.06420143693685532,Benchmark/output/migan/results/126_migan.png
128,migan,22.697067260742188,Tier 2 (15-30%),26.05645374036854,19.61873923163196,0.9020972847938538,0.13119596242904663,Benchmark/output/migan/results/127_migan.png
129,migan,31.34002685546875,Tier 3 (30-50%),23.30420853354432,18.26594374573445,0.8762731552124023,0.1799609363079071,Benchmark/output/migan/results/128_migan.png
130,migan,23.169708251953125,Tier 2 (15-30%),32.07493236709134,25.72670411898134,0.9258275032043457,0.19670060276985168,Benchmark/output/migan/results/129_migan.png
131,migan,10.371017456054688,Tier 1 (1-15%),31.014024516079978,21.183368108424805,0.9415774941444397,0.05545192211866379,Benchmark/output/migan/results/130_migan.png
132,migan,24.914932250976562,Tier 2 (15-30%),24.449073605493833,18.415858925536114,0.8451005816459656,0.13636206090450287,Benchmark/output/migan/results/131_migan.png
133,migan,24.852752685546875,Tier 2 (15-30%),26.933207667791386,20.888519629007988,0.9126879572868347,0.13346078991889954,Benchmark/output/migan/results/132_migan.png
134,migan,15.65704345703125,Tier 2 (15-30%),30.789839211100066,22.740486072301675,0.9122745394706726,0.11531391739845276,Benchmark/output/migan/results/133_migan.png
135,migan,24.543380737304688,Tier 2 (15-30%),21.592239403348646,15.491925314705535,0.8746187090873718,0.16316263377666473,Benchmark/output/migan/results/134_migan.png
136,migan,13.979339599609375,Tier 1 (1-15%),20.29676242660993,11.75201267172376,0.8853704929351807,0.09824319183826447,Benchmark/output/migan/results/135_migan.png
137,migan,21.239852905273438,Tier 2 (15-30%),19.593226625082544,12.865484839848945,0.8623680472373962,0.13997530937194824,Benchmark/output/migan/results/136_migan.png
138,migan,17.741775512695312,Tier 2 (15-30%),25.230465365467293,17.722689077343638,0.8884493708610535,0.11014090478420258,Benchmark/output/migan/results/137_migan.png
139,migan,27.93121337890625,Tier 2 (15-30%),33.46683945271745,27.934228644408744,0.8779861330986023,0.2158394455909729,Benchmark/output/migan/results/138_migan.png
140,migan,25.659561157226562,Tier 2 (15-30%),25.575866547097263,19.669685198581583,0.8638971447944641,0.13764610886573792,Benchmark/output/migan/results/139_migan.png
141,migan,22.860336303710938,Tier 2 (15-30%),18.66219045457483,12.25347959673396,0.8252341151237488,0.13982945680618286,Benchmark/output/migan/results/140_migan.png
142,migan,13.164138793945312,Tier 1 (1-15%),25.70286932558002,16.899086904273844,0.9084590077400208,0.0738353580236435,Benchmark/output/migan/results/141_migan.png
143,migan,13.066482543945312,Tier 1 (1-15%),29.496784290511158,20.66432620205046,0.9159521460533142,0.06844700872898102,Benchmark/output/migan/results/142_migan.png
144,migan,10.583114624023438,Tier 1 (1-15%),29.330866033176584,19.581840085273125,0.9273388981819153,0.0545988604426384,Benchmark/output/migan/results/143_migan.png
145,migan,11.034393310546875,Tier 1 (1-15%),29.820615596278117,20.250466792784337,0.9555023312568665,0.08287055790424347,Benchmark/output/migan/results/144_migan.png
146,migan,26.306533813476562,Tier 2 (15-30%),32.88629614467859,27.091896183621373,0.9260018467903137,0.1704525649547577,Benchmark/output/migan/results/145_migan.png
147,migan,24.0814208984375,Tier 2 (15-30%),34.9293968412084,28.759789642501694,0.9404604434967041,0.21052893996238708,Benchmark/output/migan/results/146_migan.png
148,migan,24.36065673828125,Tier 2 (15-30%),27.15708583354097,21.026101459787498,0.848210334777832,0.1553964614868164,Benchmark/output/migan/results/147_migan.png
149,migan,8.756256103515625,Tier 1 (1-15%),30.957982028201524,20.38394776633517,0.9677366614341736,0.055332571268081665,Benchmark/output/migan/results/148_migan.png
150,migan,25.134658813476562,Tier 2 (15-30%),20.859661545642606,14.863336901945669,0.7953656315803528,0.16119074821472168,Benchmark/output/migan/results/149_migan.png
151,migan,23.023223876953125,Tier 2 (15-30%),24.82194913497675,18.445188331201468,0.8728358745574951,0.1607295423746109,Benchmark/output/migan/results/150_migan.png
152,migan,19.00482177734375,Tier 2 (15-30%),20.344515294048936,13.134041182415402,0.8466215133666992,0.1040148138999939,Benchmark/output/migan/results/151_migan.png
153,migan,21.244430541992188,Tier 2 (15-30%),23.091372212388283,16.36453617808173,0.8504652976989746,0.1377553939819336,Benchmark/output/migan/results/152_migan.png
154,migan,18.648147583007812,Tier 2 (15-30%),29.254787059954005,21.964950631057796,0.9158229827880859,0.1289583444595337,Benchmark/output/migan/results/153_migan.png
155,migan,8.105087280273438,Tier 1 (1-15%),27.822576206014354,16.912528910510126,0.9630224704742432,0.061614908277988434,Benchmark/output/migan/results/154_migan.png
156,migan,23.822402954101562,Tier 2 (15-30%),30.03419797591816,23.808023065314458,0.8900339007377625,0.17595593631267548,Benchmark/output/migan/results/155_migan.png
157,migan,21.811294555664062,Tier 2 (15-30%),26.437957182916225,19.825689460365957,0.9027495980262756,0.14913064241409302,Benchmark/output/migan/results/156_migan.png
158,migan,15.976333618164062,Tier 2 (15-30%),26.22124434400554,18.258216429715407,0.885765016078949,0.10100120306015015,Benchmark/output/migan/results/157_migan.png
159,migan,10.712814331054688,Tier 1 (1-15%),25.04815967852459,15.34845418120061,0.9446291923522949,0.06063535809516907,Benchmark/output/migan/results/158_migan.png
160,migan,18.352890014648438,Tier 2 (15-30%),22.083514005536095,14.721971060142936,0.8797711730003357,0.11187691986560822,Benchmark/output/migan/results/159_migan.png
161,migan,24.762725830078125,Tier 2 (15-30%),25.805624558478463,19.744662169504245,0.8818866610527039,0.13860554993152618,Benchmark/output/migan/results/160_migan.png
162,migan,23.6541748046875,Tier 2 (15-30%),25.85409020820368,19.594685849316335,0.8941738605499268,0.1349421739578247,Benchmark/output/migan/results/161_migan.png
163,migan,22.594451904296875,Tier 2 (15-30%),24.660010383134615,18.200883057896963,0.8981096744537354,0.16228190064430237,Benchmark/output/migan/results/162_migan.png
164,migan,26.151275634765625,Tier 2 (15-30%),20.928318402595387,15.104218133849175,0.8088560104370117,0.1649790108203888,Benchmark/output/migan/results/163_migan.png
165,migan,12.88909912109375,Tier 1 (1-15%),28.050591197631135,19.15482720567582,0.949514627456665,0.0821729376912117,Benchmark/output/migan/results/164_migan.png
166,migan,12.91046142578125,Tier 1 (1-15%),36.52338141905127,27.654921376790583,0.9605212211608887,0.08489752560853958,Benchmark/output/migan/results/165_migan.png
167,migan,24.489212036132812,Tier 2 (15-30%),26.942966609007478,20.833305379618817,0.904172956943512,0.1909659206867218,Benchmark/output/migan/results/166_migan.png
168,migan,20.05157470703125,Tier 2 (15-30%),23.626500546959228,16.6487403001626,0.9027479290962219,0.11695593595504761,Benchmark/output/migan/results/167_migan.png
169,migan,23.851776123046875,Tier 2 (15-30%),29.63564326983963,23.416791664240364,0.8971150517463684,0.13663965463638306,Benchmark/output/migan/results/168_migan.png
170,migan,15.146636962890625,Tier 2 (15-30%),25.26667868926743,17.07110484865654,0.8946054577827454,0.0916382223367691,Benchmark/output/migan/results/169_migan.png
171,migan,8.4930419921875,Tier 1 (1-15%),34.05409203382234,23.35218997768748,0.973315417766571,0.07835128158330917,Benchmark/output/migan/results/170_migan.png
172,migan,21.187210083007812,Tier 2 (15-30%),27.859484942075884,21.122412311870864,0.9158730506896973,0.18382371962070465,Benchmark/output/migan/results/171_migan.png
173,migan,19.151687622070312,Tier 2 (15-30%),27.526204534539076,20.351515980063294,0.9016807675361633,0.11420941352844238,Benchmark/output/migan/results/172_migan.png
174,migan,14.507293701171875,Tier 1 (1-15%),22.878168739451684,14.495376282991955,0.8886159062385559,0.08245663344860077,Benchmark/output/migan/results/173_migan.png
175,migan,20.959854125976562,Tier 2 (15-30%),24.64260807540228,17.85765449731844,0.8838369250297546,0.11714121699333191,Benchmark/output/migan/results/174_migan.png
176,migan,16.342544555664062,Tier 2 (15-30%),23.50059016185672,15.634774482693043,0.9062147736549377,0.12641650438308716,Benchmark/output/migan/results/175_migan.png
177,migan,13.45367431640625,Tier 1 (1-15%),25.24571673435965,16.535435248517693,0.8984959721565247,0.06761754304170609,Benchmark/output/migan/results/176_migan.png
178,migan,28.011322021484375,Tier 2 (15-30%),23.57000531049813,18.04440456568893,0.8536048531532288,0.16546279191970825,Benchmark/output/migan/results/177_migan.png
179,migan,10.535812377929688,Tier 1 (1-15%),25.307974508962626,15.537221895357993,0.9292516112327576,0.06905757635831833,Benchmark/output/migan/results/178_migan.png
180,migan,14.477920532226562,Tier 1 (1-15%),31.465271437508786,23.079177877376893,0.9284355640411377,0.08382388949394226,Benchmark/output/migan/results/179_migan.png
181,migan,12.7838134765625,Tier 1 (1-15%),31.676516209969314,22.75404463811578,0.9423229694366455,0.08851068466901779,Benchmark/output/migan/results/180_migan.png
182,migan,12.179946899414062,Tier 1 (1-15%),38.045701540892175,28.92474086451913,0.9587451815605164,0.11094130575656891,Benchmark/output/migan/results/181_migan.png
183,migan,26.443862915039062,Tier 2 (15-30%),22.129044797201246,16.352891201842723,0.7932436466217041,0.17169451713562012,Benchmark/output/migan/results/182_migan.png
184,migan,26.430892944335938,Tier 2 (15-30%),31.379042917865107,25.603799369991165,0.9210886359214783,0.19823631644248962,Benchmark/output/migan/results/183_migan.png
185,migan,13.57421875,Tier 1 (1-15%),30.9261521260831,22.263370194486434,0.9344233870506287,0.07327629625797272,Benchmark/output/migan/results/184_migan.png
186,migan,27.806472778320312,Tier 2 (15-30%),23.89854482761936,18.341677513640178,0.7842304110527039,0.1718750298023224,Benchmark/output/migan/results/185_migan.png
187,migan,13.978195190429688,Tier 1 (1-15%),29.581304003226606,21.03737258155604,0.9422746300697327,0.12905876338481903,Benchmark/output/migan/results/186_migan.png
188,migan,18.8934326171875,Tier 2 (15-30%),23.32299375571642,16.0864436523589,0.9048089981079102,0.11906226724386215,Benchmark/output/migan/results/187_migan.png
189,migan,20.44219970703125,Tier 2 (15-30%),27.036850574732306,20.145032803595075,0.889148473739624,0.13545158505439758,Benchmark/output/migan/results/188_migan.png
190,migan,25.526809692382812,Tier 2 (15-30%),33.02808623799474,27.107598437201318,0.8993685841560364,0.1941562443971634,Benchmark/output/migan/results/189_migan.png
191,migan,19.784927368164062,Tier 2 (15-30%),29.938730960991336,22.905111235379767,0.9195380210876465,0.14229819178581238,Benchmark/output/migan/results/190_migan.png
192,migan,21.5789794921875,Tier 2 (15-30%),21.27877614383707,14.61970315115485,0.8745098114013672,0.16450423002243042,Benchmark/output/migan/results/191_migan.png
193,migan,21.276473999023438,Tier 2 (15-30%),19.52500173582928,12.804266828897724,0.8393186926841736,0.1358110010623932,Benchmark/output/migan/results/192_migan.png
194,migan,26.711273193359375,Tier 2 (15-30%),30.5590419856679,24.82846315215079,0.8944419026374817,0.20274902880191803,Benchmark/output/migan/results/193_migan.png
195,migan,11.461257934570312,Tier 1 (1-15%),42.23115667383134,32.84505357924184,0.9774348735809326,0.10500920563936234,Benchmark/output/migan/results/194_migan.png
196,migan,11.55853271484375,Tier 1 (1-15%),36.63628113346603,27.287933720680133,0.9582785964012146,0.06921112537384033,Benchmark/output/migan/results/195_migan.png
197,migan,28.162384033203125,Tier 2 (15-30%),25.581765758798667,20.081631889996693,0.8402776122093201,0.1571982204914093,Benchmark/output/migan/results/196_migan.png
198,migan,22.559738159179688,Tier 2 (15-30%),27.627712615181995,21.163425806584204,0.9016775488853455,0.14856302738189697,Benchmark/output/migan/results/197_migan.png
199,migan,18.94378662109375,Tier 2 (15-30%),21.63943466663853,14.41464849446712,0.8651660084724426,0.10833904892206192,Benchmark/output/migan/results/198_migan.png
200,migan,10.910415649414062,Tier 1 (1-15%),37.43702470770615,27.822916056259533,0.9630263447761536,0.0744469091296196,Benchmark/output/migan/results/199_migan.png
1,aotgan,20.937728881835938,Tier 2 (15-30%),23.927866954900953,17.143589385799824,0.865448534488678,0.13952742516994476,Benchmark/output/aotgan/results/0_aotgan.png
2,aotgan,24.935531616210938,Tier 2 (15-30%),27.315962175196372,21.29627702943758,0.9474952816963196,0.11988697946071625,Benchmark/output/aotgan/results/1_aotgan.png
3,aotgan,15.954208374023438,Tier 2 (15-30%),26.748494755103643,18.789978217821947,0.94502192735672,0.08929076790809631,Benchmark/output/aotgan/results/2_aotgan.png
4,aotgan,22.377395629882812,Tier 2 (15-30%),26.771323798311997,20.282140894294646,0.9475844502449036,0.10623966157436371,Benchmark/output/aotgan/results/3_aotgan.png
5,aotgan,20.635986328125,Tier 2 (15-30%),23.676105330064793,16.82882047667636,0.8406718373298645,0.15889960527420044,Benchmark/output/aotgan/results/4_aotgan.png
6,aotgan,27.435684204101562,Tier 2 (15-30%),24.495224957083863,18.88541193492163,0.9003196358680725,0.1328635811805725,Benchmark/output/aotgan/results/5_aotgan.png
7,aotgan,20.047760009765625,Tier 2 (15-30%),42.410014533301194,35.95168101971873,0.9844229817390442,0.13591185212135315,Benchmark/output/aotgan/results/6_aotgan.png
8,aotgan,14.788055419921875,Tier 1 (1-15%),25.458239992281566,17.168207402522416,0.9376873970031738,0.08926990628242493,Benchmark/output/aotgan/results/7_aotgan.png
9,aotgan,16.783523559570312,Tier 2 (15-30%),33.552137083020895,25.867798210371067,0.9787642359733582,0.0789714828133583,Benchmark/output/aotgan/results/8_aotgan.png
10,aotgan,9.740066528320312,Tier 1 (1-15%),35.64950079628435,25.645671093237983,0.9753777384757996,0.04409390687942505,Benchmark/output/aotgan/results/9_aotgan.png
11,aotgan,8.786773681640625,Tier 1 (1-15%),34.95120218625801,24.458531582914077,0.9725255966186523,0.049999259412288666,Benchmark/output/aotgan/results/10_aotgan.png
12,aotgan,22.600555419921875,Tier 2 (15-30%),23.372960314177792,16.91867859424969,0.890654981136322,0.17413972318172455,Benchmark/output/aotgan/results/11_aotgan.png
13,aotgan,11.665725708007812,Tier 1 (1-15%),22.983707155279443,13.659058261621542,0.9001042246818542,0.11325342953205109,Benchmark/output/aotgan/results/12_aotgan.png
14,aotgan,19.025039672851562,Tier 2 (15-30%),35.53428245207114,28.433419606850986,0.9139096140861511,0.0921662300825119,Benchmark/output/aotgan/results/13_aotgan.png
15,aotgan,23.822402954101562,Tier 2 (15-30%),26.917846144577137,20.707374414992753,0.9115777611732483,0.11654984205961227,Benchmark/output/aotgan/results/14_aotgan.png
16,aotgan,18.609237670898438,Tier 2 (15-30%),29.398873669807394,22.127268802916426,0.9483654499053955,0.09780821949243546,Benchmark/output/aotgan/results/15_aotgan.png
17,aotgan,24.544906616210938,Tier 2 (15-30%),21.47130242884763,15.374585496920423,0.7874469757080078,0.16873377561569214,Benchmark/output/aotgan/results/16_aotgan.png
18,aotgan,11.642837524414062,Tier 1 (1-15%),40.164701009201636,31.05382542831743,0.9890554547309875,0.05089370161294937,Benchmark/output/aotgan/results/17_aotgan.png
19,aotgan,18.316650390625,Tier 2 (15-30%),30.708063840488133,23.36618845816828,0.9299985766410828,0.09247897565364838,Benchmark/output/aotgan/results/18_aotgan.png
20,aotgan,13.15765380859375,Tier 1 (1-15%),30.32900994165964,21.555262006087318,0.9415834546089172,0.08573606610298157,Benchmark/output/aotgan/results/19_aotgan.png
21,aotgan,22.83782958984375,Tier 2 (15-30%),27.16100582684593,20.761603777666696,0.8851719498634338,0.12513096630573273,Benchmark/output/aotgan/results/20_aotgan.png
22,aotgan,20.100784301757812,Tier 2 (15-30%),27.9868160280471,21.03679020265197,0.8624069094657898,0.11123120784759521,Benchmark/output/aotgan/results/21_aotgan.png
23,aotgan,14.265823364257812,Tier 1 (1-15%),30.614020836863773,22.195053549277315,0.9473317265510559,0.1066787838935852,Benchmark/output/aotgan/results/22_aotgan.png
24,aotgan,22.52960205078125,Tier 2 (15-30%),27.883013683332656,21.427028191728628,0.9277665615081787,0.11856184154748917,Benchmark/output/aotgan/results/23_aotgan.png
25,aotgan,15.476608276367188,Tier 2 (15-30%),25.68293244837312,17.590996510644214,0.8879581093788147,0.13112154603004456,Benchmark/output/aotgan/results/24_aotgan.png
26,aotgan,20.201873779296875,Tier 2 (15-30%),23.254029474673082,16.313674642058395,0.8718048930168152,0.13284648954868317,Benchmark/output/aotgan/results/25_aotgan.png
27,aotgan,14.395523071289062,Tier 1 (1-15%),39.32762241009348,31.15471243203874,0.9875166416168213,0.06354228407144547,Benchmark/output/aotgan/results/26_aotgan.png
28,aotgan,13.88397216796875,Tier 1 (1-15%),27.777973168628062,19.220556886317993,0.9391722679138184,0.07177833467721939,Benchmark/output/aotgan/results/27_aotgan.png
29,aotgan,25.267410278320312,Tier 2 (15-30%),20.81879309264782,14.847554593606835,0.8308823704719543,0.1611558347940445,Benchmark/output/aotgan/results/28_aotgan.png
30,aotgan,17.68341064453125,Tier 2 (15-30%),26.18847611738824,18.676139812369225,0.8853280544281006,0.1080959290266037,Benchmark/output/aotgan/results/29_aotgan.png
31,aotgan,11.4990234375,Tier 1 (1-15%),29.608666180510006,20.242654909603313,0.9463103413581848,0.0751555934548378,Benchmark/output/aotgan/results/30_aotgan.png
32,aotgan,9.347915649414062,Tier 1 (1-15%),30.425252526928304,20.168138008920877,0.9661992192268372,0.06762461364269257,Benchmark/output/aotgan/results/31_aotgan.png
33,aotgan,25.321578979492188,Tier 2 (15-30%),29.581852127430317,23.63891432365073,0.9404628872871399,0.13538414239883423,Benchmark/output/aotgan/results/32_aotgan.png
34,aotgan,16.574859619140625,Tier 2 (15-30%),31.42620381794017,23.693081725392112,0.9867753386497498,0.11214077472686768,Benchmark/output/aotgan/results/33_aotgan.png
35,aotgan,20.94573974609375,Tier 2 (15-30%),28.00897245740261,21.235477449318196,0.9427399635314941,0.09449370205402374,Benchmark/output/aotgan/results/34_aotgan.png
36,aotgan,8.822250366210938,Tier 1 (1-15%),33.44861961299714,22.975101851503293,0.9579479694366455,0.04650520533323288,Benchmark/output/aotgan/results/35_aotgan.png
37,aotgan,19.025039672851562,Tier 2 (15-30%),32.13403493168285,24.98371644016544,0.9543025493621826,0.11705590784549713,Benchmark/output/aotgan/results/36_aotgan.png
38,aotgan,17.976760864257812,Tier 2 (15-30%),31.174095464416645,23.758934730135344,0.9468899369239807,0.08522862941026688,Benchmark/output/aotgan/results/37_aotgan.png
39,aotgan,14.818572998046875,Tier 1 (1-15%),26.25116527711329,17.971931649214174,0.9381889700889587,0.08623123168945312,Benchmark/output/aotgan/results/38_aotgan.png
40,aotgan,7.1197509765625,Tier 1 (1-15%),41.05652607388423,30.002296769456144,0.9922450184822083,0.05730225890874863,Benchmark/output/aotgan/results/39_aotgan.png
41,aotgan,24.565887451171875,Tier 2 (15-30%),25.92936139880007,19.841690486909357,0.9133372902870178,0.14018350839614868,Benchmark/output/aotgan/results/40_aotgan.png
42,aotgan,13.076019287109375,Tier 1 (1-15%),32.41830611368992,23.651778733381256,0.950298011302948,0.062361545860767365,Benchmark/output/aotgan/results/41_aotgan.png
43,aotgan,18.505477905273438,Tier 2 (15-30%),31.647298246531403,24.359800217152987,0.9595236778259277,0.08649495244026184,Benchmark/output/aotgan/results/42_aotgan.png
44,aotgan,26.513290405273438,Tier 2 (15-30%),22.253542259518166,16.48875330873812,0.9403175711631775,0.12122976779937744,Benchmark/output/aotgan/results/43_aotgan.png
45,aotgan,17.894363403320312,Tier 2 (15-30%),34.786763936934605,27.404236163941874,0.9505119323730469,0.07776892185211182,Benchmark/output/aotgan/results/44_aotgan.png
46,aotgan,22.177505493164062,Tier 2 (15-30%),26.613171287581817,20.083931018397333,0.9049882292747498,0.12551665306091309,Benchmark/output/aotgan/results/45_aotgan.png
47,aotgan,23.913192749023438,Tier 2 (15-30%),24.914226283327423,18.709869426944582,0.8927313685417175,0.13684895634651184,Benchmark/output/aotgan/results/46_aotgan.png
48,aotgan,28.710174560546875,Tier 2 (15-30%),26.687359962548776,21.278397145542595,0.9055840969085693,0.16577662527561188,Benchmark/output/aotgan/results/47_aotgan.png
49,aotgan,19.966506958007812,Tier 2 (15-30%),31.12655087715487,24.16603835042146,0.9678594470024109,0.10808363556861877,Benchmark/output/aotgan/results/48_aotgan.png
50,aotgan,21.091079711914062,Tier 2 (15-30%),25.057666436471383,18.30708834827894,0.9259641766548157,0.10611617565155029,Benchmark/output/aotgan/results/49_aotgan.png
51,aotgan,11.298751831054688,Tier 1 (1-15%),31.889214675224768,22.462228926389578,0.9790365695953369,0.05360129848122597,Benchmark/output/aotgan/results/50_aotgan.png
52,aotgan,15.44189453125,Tier 2 (15-30%),28.620023218553303,20.528977654646457,0.918487012386322,0.08194050192832947,Benchmark/output/aotgan/results/51_aotgan.png
53,aotgan,10.029220581054688,Tier 1 (1-15%),27.251391909064143,17.278274635839217,0.95097416639328,0.07164432108402252,Benchmark/output/aotgan/results/52_aotgan.png
54,aotgan,23.897933959960938,Tier 2 (15-30%),39.33156365109902,33.314400948180065,0.9696428179740906,0.1332811713218689,Benchmark/output/aotgan/results/53_aotgan.png
55,aotgan,18.149566650390625,Tier 2 (15-30%),31.321817526848157,23.948519571394556,0.9493026733398438,0.07480405271053314,Benchmark/output/aotgan/results/54_aotgan.png
56,aotgan,10.077285766601562,Tier 1 (1-15%),30.884356602805735,20.956438319645756,0.9574604630470276,0.08027470111846924,Benchmark/output/aotgan/results/55_aotgan.png
57,aotgan,23.349380493164062,Tier 2 (15-30%),29.84209999742606,23.546746365063527,0.9496118426322937,0.10676336288452148,Benchmark/output/aotgan/results/56_aotgan.png
58,aotgan,23.314285278320312,Tier 2 (15-30%),20.77099250477695,14.450327858197674,0.9024673104286194,0.1172892227768898,Benchmark/output/aotgan/results/57_aotgan.png
59,aotgan,22.863006591796875,Tier 2 (15-30%),21.8179907642877,15.41295351180549,0.8835875391960144,0.1033022329211235,Benchmark/output/aotgan/results/58_aotgan.png
60,aotgan,12.802886962890625,Tier 1 (1-15%),24.108155708702277,15.188558363444194,0.9055109620094299,0.10594792664051056,Benchmark/output/aotgan/results/59_aotgan.png
61,aotgan,26.64642333984375,Tier 2 (15-30%),23.413000371230673,17.67488414503046,0.8145238757133484,0.16644474864006042,Benchmark/output/aotgan/results/60_aotgan.png
62,aotgan,9.27734375,Tier 1 (1-15%),27.76082971172513,17.452247998157336,0.9540665745735168,0.08635373413562775,Benchmark/output/aotgan/results/61_aotgan.png
63,aotgan,17.3675537109375,Tier 2 (15-30%),28.337483955450097,20.75395783722366,0.933075487613678,0.08221335709095001,Benchmark/output/aotgan/results/62_aotgan.png
64,aotgan,18.577957153320312,Tier 2 (15-30%),23.69450077158387,16.391030670277836,0.8606112003326416,0.1427912414073944,Benchmark/output/aotgan/results/63_aotgan.png
65,aotgan,23.81439208984375,Tier 2 (15-30%),25.302998438844647,19.081292685573104,0.8491367697715759,0.1202826201915741,Benchmark/output/aotgan/results/64_aotgan.png
66,aotgan,8.3221435546875,Tier 1 (1-15%),26.74903394414816,15.96624884698032,0.9560306668281555,0.049252547323703766,Benchmark/output/aotgan/results/65_aotgan.png
67,aotgan,24.184417724609375,Tier 2 (15-30%),28.778505819231764,22.6328997664399,0.9427688717842102,0.13694339990615845,Benchmark/output/aotgan/results/66_aotgan.png
68,aotgan,18.698883056640625,Tier 2 (15-30%),31.023261937650307,23.77707382406922,0.8961772322654724,0.0983814150094986,Benchmark/output/aotgan/results/67_aotgan.png
69,aotgan,17.400360107421875,Tier 2 (15-30%),30.381786786598248,22.834353516708763,0.9516140818595886,0.07859837263822556,Benchmark/output/aotgan/results/68_aotgan.png
70,aotgan,15.204238891601562,Tier 2 (15-30%),31.412276468835163,23.273246591777376,0.9566095471382141,0.08535666018724442,Benchmark/output/aotgan/results/69_aotgan.png
71,aotgan,25.145339965820312,Tier 2 (15-30%),26.73283464392718,20.749449880305132,0.8590240478515625,0.14009128510951996,Benchmark/output/aotgan/results/70_aotgan.png
72,aotgan,19.309234619140625,Tier 2 (15-30%),22.660240861990037,15.523143292708925,0.8674821853637695,0.12436282634735107,Benchmark/output/aotgan/results/71_aotgan.png
73,aotgan,13.224029541015625,Tier 1 (1-15%),28.81824632490038,20.052862972323915,0.941783607006073,0.07213512808084488,Benchmark/output/aotgan/results/72_aotgan.png
74,aotgan,26.877212524414062,Tier 2 (15-30%),18.231431782620145,12.526834802488311,0.8521361351013184,0.16476328670978546,Benchmark/output/aotgan/results/73_aotgan.png
75,aotgan,17.11578369140625,Tier 2 (15-30%),33.5626545065013,25.971016838088488,0.9777390360832214,0.07956363260746002,Benchmark/output/aotgan/results/74_aotgan.png
76,aotgan,26.746368408203125,Tier 2 (15-30%),24.97012873231955,19.25062707884726,0.8803825378417969,0.1515336036682129,Benchmark/output/aotgan/results/75_aotgan.png
77,aotgan,11.080169677734375,Tier 1 (1-15%),27.676156043023994,18.13946062085489,0.9248002171516418,0.07325006276369095,Benchmark/output/aotgan/results/76_aotgan.png
78,aotgan,22.04132080078125,Tier 2 (15-30%),30.991606468613693,24.456934463297767,0.9564814567565918,0.09738928824663162,Benchmark/output/aotgan/results/77_aotgan.png
79,aotgan,25.6500244140625,Tier 2 (15-30%),27.2518515420918,21.35736513672471,0.8893890976905823,0.13491910696029663,Benchmark/output/aotgan/results/78_aotgan.png
80,aotgan,15.677642822265625,Tier 2 (15-30%),30.310864971834015,22.29565357513269,0.9117744565010071,0.09243480116128922,Benchmark/output/aotgan/results/79_aotgan.png
81,aotgan,20.853424072265625,Tier 2 (15-30%),29.893357649101734,23.118800356603792,0.9157342910766602,0.11907873302698135,Benchmark/output/aotgan/results/80_aotgan.png
82,aotgan,26.717758178710938,Tier 2 (15-30%),30.355502930691408,24.643752918505605,0.9699217677116394,0.11347020417451859,Benchmark/output/aotgan/results/81_aotgan.png
83,aotgan,34.7442626953125,Tier 3 (30-50%),17.11700696908887,12.526704246160223,0.7724809050559998,0.2081911563873291,Benchmark/output/aotgan/results/82_aotgan.png
84,aotgan,19.085693359375,Tier 2 (15-30%),27.864224309424614,20.688432251528354,0.9129307866096497,0.10098777711391449,Benchmark/output/aotgan/results/83_aotgan.png
85,aotgan,10.34698486328125,Tier 1 (1-15%),27.294387605044133,17.457957236450625,0.9392091631889343,0.07157263159751892,Benchmark/output/aotgan/results/84_aotgan.png
86,aotgan,16.919326782226562,Tier 2 (15-30%),26.79928110747322,19.096974234562744,0.932020902633667,0.13769227266311646,Benchmark/output/aotgan/results/85_aotgan.png
87,aotgan,25.388717651367188,Tier 2 (15-30%),30.06228529719447,24.133549566748925,0.9330389499664307,0.13812389969825745,Benchmark/output/aotgan/results/86_aotgan.png
88,aotgan,20.130538940429688,Tier 2 (15-30%),28.66600321885454,21.726982372996297,0.9619000554084778,0.10322710126638412,Benchmark/output/aotgan/results/87_aotgan.png
89,aotgan,26.736068725585938,Tier 2 (15-30%),25.80252742220209,20.079645816293386,0.9718301892280579,0.09323109686374664,Benchmark/output/aotgan/results/88_aotgan.png
90,aotgan,13.103485107421875,Tier 1 (1-15%),37.323558594937246,28.66122408887267,0.9728900790214539,0.05870424211025238,Benchmark/output/aotgan/results/89_aotgan.png
91,aotgan,12.146759033203125,Tier 1 (1-15%),32.24819458642384,23.14583153921758,0.9683070182800293,0.0622602254152298,Benchmark/output/aotgan/results/90_aotgan.png
92,aotgan,25.587844848632812,Tier 2 (15-30%),28.09016962093189,22.187790215836273,0.8657106757164001,0.11485137045383453,Benchmark/output/aotgan/results/91_aotgan.png
93,aotgan,24.95574951171875,Tier 2 (15-30%),32.73921500767662,26.7581594105275,0.9594230651855469,0.12080924957990646,Benchmark/output/aotgan/results/92_aotgan.png
94,aotgan,17.537307739257812,Tier 2 (15-30%),36.865852736621676,29.444580827942627,0.9674863815307617,0.10204719007015228,Benchmark/output/aotgan/results/93_aotgan.png
95,aotgan,9.3017578125,Tier 1 (1-15%),26.28702497905421,15.9874072450876,0.9386906623840332,0.09624139964580536,Benchmark/output/aotgan/results/94_aotgan.png
96,aotgan,24.502182006835938,Tier 2 (15-30%),28.667432912784534,22.57405136276884,0.9102327227592468,0.11481127142906189,Benchmark/output/aotgan/results/95_aotgan.png
97,aotgan,15.63262939453125,Tier 2 (15-30%),29.63763591649642,21.603494881197697,0.9682445526123047,0.08376814424991608,Benchmark/output/aotgan/results/96_aotgan.png
98,aotgan,8.14666748046875,Tier 1 (1-15%),34.26142285981107,23.46301695756968,0.9793067574501038,0.04417667165398598,Benchmark/output/aotgan/results/97_aotgan.png
99,aotgan,21.23870849609375,Tier 2 (15-30%),25.078555445569556,18.358810128298952,0.9184677600860596,0.09954908490180969,Benchmark/output/aotgan/results/98_aotgan.png
100,aotgan,11.260223388671875,Tier 1 (1-15%),24.199762873934137,14.723447452156897,0.9187505841255188,0.07395527511835098,Benchmark/output/aotgan/results/99_aotgan.png
101,aotgan,9.53826904296875,Tier 1 (1-15%),28.465161150983008,18.27623590422581,0.9582661986351013,0.08272126317024231,Benchmark/output/aotgan/results/100_aotgan.png
102,aotgan,17.345428466796875,Tier 2 (15-30%),28.125252894490956,20.535847391934272,0.9373739361763,0.09674064815044403,Benchmark/output/aotgan/results/101_aotgan.png
103,aotgan,22.961807250976562,Tier 2 (15-30%),30.024842610998576,23.661779520554237,0.8990597724914551,0.12595857679843903,Benchmark/output/aotgan/results/102_aotgan.png
104,aotgan,13.716888427734375,Tier 1 (1-15%),31.759473076056285,23.17809406383845,0.9608221054077148,0.0738830491900444,Benchmark/output/aotgan/results/103_aotgan.png
105,aotgan,14.290237426757812,Tier 1 (1-15%),28.220377027710803,19.791106561465007,0.9468029141426086,0.12202494591474533,Benchmark/output/aotgan/results/104_aotgan.png
106,aotgan,11.085891723632812,Tier 1 (1-15%),36.22730901905564,26.786331550956668,0.9733774662017822,0.039297882467508316,Benchmark/output/aotgan/results/105_aotgan.png
107,aotgan,17.626953125,Tier 2 (15-30%),26.084831779997877,18.55852895959368,0.9244332909584045,0.08970066159963608,Benchmark/output/aotgan/results/106_aotgan.png
108,aotgan,22.66387939453125,Tier 2 (15-30%),21.54515415044091,15.101894104667721,0.8424482941627502,0.13680651783943176,Benchmark/output/aotgan/results/107_aotgan.png
109,aotgan,17.950057983398438,Tier 2 (15-30%),27.21808059817425,19.773474202572046,0.923089325428009,0.09785866737365723,Benchmark/output/aotgan/results/108_aotgan.png
110,aotgan,22.79510498046875,Tier 2 (15-30%),21.660386714765032,15.24185885261023,0.8366954922676086,0.14440283179283142,Benchmark/output/aotgan/results/109_aotgan.png
111,aotgan,14.300155639648438,Tier 1 (1-15%),28.45983651886193,20.030540227942733,0.9005825519561768,0.08135086297988892,Benchmark/output/aotgan/results/110_aotgan.png
112,aotgan,10.779190063476562,Tier 1 (1-15%),30.83332844672551,21.19614496150644,0.9446870684623718,0.07535425573587418,Benchmark/output/aotgan/results/111_aotgan.png
113,aotgan,31.937408447265625,Tier 3 (30-50%),18.419184625669615,13.46378591313231,0.7925820350646973,0.18619029223918915,Benchmark/output/aotgan/results/112_aotgan.png
114,aotgan,11.353302001953125,Tier 1 (1-15%),25.124974426460867,15.685036092018818,0.965580940246582,0.05031567066907883,Benchmark/output/aotgan/results/113_aotgan.png
115,aotgan,8.566665649414062,Tier 1 (1-15%),28.15518054300157,17.503129412119343,0.9461157917976379,0.06829455494880676,Benchmark/output/aotgan/results/114_aotgan.png
116,aotgan,16.369247436523438,Tier 2 (15-30%),23.347436095113274,15.494002565466158,0.8722222447395325,0.127007395029068,Benchmark/output/aotgan/results/115_aotgan.png
117,aotgan,22.736740112304688,Tier 2 (15-30%),18.626631927851214,12.195763719195691,0.8382760882377625,0.14689621329307556,Benchmark/output/aotgan/results/116_aotgan.png
118,aotgan,21.509933471679688,Tier 2 (15-30%),24.094167463193024,17.42745161762644,0.9010866284370422,0.13314181566238403,Benchmark/output/aotgan/results/117_aotgan.png
119,aotgan,14.298629760742188,Tier 1 (1-15%),23.490230486011185,15.049670548246228,0.8783106803894043,0.10008534044027328,Benchmark/output/aotgan/results/118_aotgan.png
120,aotgan,26.863861083984375,Tier 2 (15-30%),22.070593839279628,16.36541292195747,0.8888688087463379,0.14889326691627502,Benchmark/output/aotgan/results/119_aotgan.png
121,aotgan,25.780487060546875,Tier 2 (15-30%),25.472563525892067,19.594744798250396,0.890397846698761,0.12833163142204285,Benchmark/output/aotgan/results/120_aotgan.png
122,aotgan,9.679412841796875,Tier 1 (1-15%),35.82500459885019,25.804584132863084,0.962238609790802,0.04393240064382553,Benchmark/output/aotgan/results/121_aotgan.png
123,aotgan,16.134262084960938,Tier 2 (15-30%),41.33260170876659,33.885287849784326,0.9748761057853699,0.084929458796978,Benchmark/output/aotgan/results/122_aotgan.png
124,aotgan,16.556167602539062,Tier 2 (15-30%),29.180578177453704,21.393467467079216,0.9461351037025452,0.09511803090572357,Benchmark/output/aotgan/results/123_aotgan.png
125,aotgan,17.639923095703125,Tier 2 (15-30%),31.519893449142664,24.01301454936508,0.9723653793334961,0.08356761932373047,Benchmark/output/aotgan/results/124_aotgan.png
126,aotgan,24.176406860351562,Tier 2 (15-30%),20.62938655760965,14.466547439190265,0.8385371565818787,0.14077147841453552,Benchmark/output/aotgan/results/125_aotgan.png
127,aotgan,12.961578369140625,Tier 1 (1-15%),27.665340785626938,18.809063710292655,0.904203474521637,0.08439221978187561,Benchmark/output/aotgan/results/126_aotgan.png
128,aotgan,22.697067260742188,Tier 2 (15-30%),28.00949953288847,21.585839577116683,0.9254670739173889,0.09168103337287903,Benchmark/output/aotgan/results/127_aotgan.png
129,aotgan,31.34002685546875,Tier 3 (30-50%),22.765991446862802,17.73038593884676,0.9173495173454285,0.12068416178226471,Benchmark/output/aotgan/results/128_aotgan.png
130,aotgan,23.169708251953125,Tier 2 (15-30%),35.0382676091274,28.762767893688327,0.971653163433075,0.11769960820674896,Benchmark/output/aotgan/results/129_aotgan.png
131,aotgan,10.371017456054688,Tier 1 (1-15%),29.62368094333574,19.811540737311137,0.9417779445648193,0.05951683223247528,Benchmark/output/aotgan/results/130_aotgan.png
132,aotgan,24.914932250976562,Tier 2 (15-30%),24.458491015416772,18.43029344527458,0.8549571633338928,0.16069652140140533,Benchmark/output/aotgan/results/131_aotgan.png
133,aotgan,24.852752685546875,Tier 2 (15-30%),29.481771874470013,23.45764955526805,0.943958580493927,0.08504752069711685,Benchmark/output/aotgan/results/132_aotgan.png
134,aotgan,15.65704345703125,Tier 2 (15-30%),32.110233212781075,24.105211673266695,0.9279816746711731,0.08609789609909058,Benchmark/output/aotgan/results/133_aotgan.png
135,aotgan,24.543380737304688,Tier 2 (15-30%),22.218307143597738,16.12328140454712,0.8922309875488281,0.13422979414463043,Benchmark/output/aotgan/results/134_aotgan.png
136,aotgan,13.979339599609375,Tier 1 (1-15%),20.8790666000846,12.337776723577187,0.8826642632484436,0.10952789336442947,Benchmark/output/aotgan/results/135_aotgan.png
137,aotgan,21.239852905273438,Tier 2 (15-30%),21.24387902688109,14.51931500123897,0.87345951795578,0.14444197714328766,Benchmark/output/aotgan/results/136_aotgan.png
138,aotgan,17.741775512695312,Tier 2 (15-30%),26.830897703316,19.334903234744623,0.9029781222343445,0.09653463214635849,Benchmark/output/aotgan/results/137_aotgan.png
139,aotgan,27.93121337890625,Tier 2 (15-30%),36.33332227216671,30.88251208897988,0.9392662048339844,0.19388219714164734,Benchmark/output/aotgan/results/138_aotgan.png
140,aotgan,25.659561157226562,Tier 2 (15-30%),24.601326110268822,18.702878982461865,0.8685091137886047,0.1455051451921463,Benchmark/output/aotgan/results/139_aotgan.png
141,aotgan,22.860336303710938,Tier 2 (15-30%),19.206435404598942,12.799393962138712,0.822739839553833,0.17977109551429749,Benchmark/output/aotgan/results/140_aotgan.png
142,aotgan,13.164138793945312,Tier 1 (1-15%),25.365574047395594,16.571215779355022,0.9056922793388367,0.09043115377426147,Benchmark/output/aotgan/results/141_aotgan.png
143,aotgan,13.066482543945312,Tier 1 (1-15%),28.9551928432844,20.14026580921604,0.9182336926460266,0.09796886146068573,Benchmark/output/aotgan/results/142_aotgan.png
144,aotgan,10.583114624023438,Tier 1 (1-15%),27.540144206929188,17.803519403715335,0.9216867089271545,0.08456902205944061,Benchmark/output/aotgan/results/143_aotgan.png
145,aotgan,11.034393310546875,Tier 1 (1-15%),28.064646313832824,18.510546557228714,0.9477615356445312,0.09092839062213898,Benchmark/output/aotgan/results/144_aotgan.png
146,aotgan,26.306533813476562,Tier 2 (15-30%),35.56117322809849,29.823289237515567,0.9648882746696472,0.11225271224975586,Benchmark/output/aotgan/results/145_aotgan.png
147,aotgan,24.0814208984375,Tier 2 (15-30%),36.63895827163418,30.574670488729744,0.9832029938697815,0.10825028270483017,Benchmark/output/aotgan/results/146_aotgan.png
148,aotgan,24.36065673828125,Tier 2 (15-30%),28.286498484229874,22.16968651698479,0.8767238259315491,0.13538099825382233,Benchmark/output/aotgan/results/147_aotgan.png
149,aotgan,8.756256103515625,Tier 1 (1-15%),32.13108891112113,21.604774694740925,0.9762069582939148,0.04221228510141373,Benchmark/output/aotgan/results/148_aotgan.png
150,aotgan,25.134658813476562,Tier 2 (15-30%),22.675207638775795,16.682781190561286,0.8244357109069824,0.1470714658498764,Benchmark/output/aotgan/results/149_aotgan.png
151,aotgan,23.023223876953125,Tier 2 (15-30%),25.30294638896263,18.934519458796803,0.8849155306816101,0.1620151698589325,Benchmark/output/aotgan/results/150_aotgan.png
152,aotgan,19.00482177734375,Tier 2 (15-30%),21.070911088487605,13.863165791250724,0.8400706648826599,0.13679984211921692,Benchmark/output/aotgan/results/151_aotgan.png
153,aotgan,21.244430541992188,Tier 2 (15-30%),24.213772340017226,17.493554274369348,0.8669106364250183,0.12949377298355103,Benchmark/output/aotgan/results/152_aotgan.png
154,aotgan,18.648147583007812,Tier 2 (15-30%),30.16961025506029,22.907225057797778,0.9379899501800537,0.09084677696228027,Benchmark/output/aotgan/results/153_aotgan.png
155,aotgan,8.105087280273438,Tier 1 (1-15%),28.503435997444875,17.612070342927133,0.9655068516731262,0.07132205367088318,Benchmark/output/aotgan/results/154_aotgan.png
156,aotgan,23.822402954101562,Tier 2 (15-30%),32.255480187356454,26.067407260498246,0.934840202331543,0.11229637265205383,Benchmark/output/aotgan/results/155_aotgan.png
157,aotgan,21.811294555664062,Tier 2 (15-30%),27.492721925330834,20.89240633367664,0.9383954405784607,0.10119415819644928,Benchmark/output/aotgan/results/156_aotgan.png
158,aotgan,15.976333618164062,Tier 2 (15-30%),27.632366507352817,19.684021958854903,0.8909953236579895,0.09782861173152924,Benchmark/output/aotgan/results/157_aotgan.png
159,aotgan,10.712814331054688,Tier 1 (1-15%),25.424744438906703,15.73492748506771,0.9423410296440125,0.07881000638008118,Benchmark/output/aotgan/results/158_aotgan.png
160,aotgan,18.352890014648438,Tier 2 (15-30%),22.766338034408705,15.4088851941394,0.880581796169281,0.14108943939208984,Benchmark/output/aotgan/results/159_aotgan.png
161,aotgan,24.762725830078125,Tier 2 (15-30%),26.020020392140204,19.96716883754375,0.9183588027954102,0.11798779666423798,Benchmark/output/aotgan/results/160_aotgan.png
162,aotgan,23.6541748046875,Tier 2 (15-30%),27.840193370078584,21.59594510665285,0.9359710812568665,0.10786928236484528,Benchmark/output/aotgan/results/161_aotgan.png
163,aotgan,22.594451904296875,Tier 2 (15-30%),26.62737963817805,20.179229344934114,0.9312350153923035,0.12228566408157349,Benchmark/output/aotgan/results/162_aotgan.png
164,aotgan,26.151275634765625,Tier 2 (15-30%),22.033951965516163,16.213070490594408,0.823242723941803,0.14513541758060455,Benchmark/output/aotgan/results/163_aotgan.png
165,aotgan,12.88909912109375,Tier 1 (1-15%),28.18007576496299,19.29942424428413,0.9643905758857727,0.054356083273887634,Benchmark/output/aotgan/results/164_aotgan.png
166,aotgan,12.91046142578125,Tier 1 (1-15%),35.96815422503158,27.215131832097796,0.973573625087738,0.07330726087093353,Benchmark/output/aotgan/results/165_aotgan.png
167,aotgan,24.489212036132812,Tier 2 (15-30%),29.29085008886667,23.19663332878003,0.9536824226379395,0.14422185719013214,Benchmark/output/aotgan/results/166_aotgan.png
168,aotgan,20.05157470703125,Tier 2 (15-30%),26.202382427109935,19.23643996413708,0.9250475764274597,0.10122697055339813,Benchmark/output/aotgan/results/167_aotgan.png
169,aotgan,23.851776123046875,Tier 2 (15-30%),30.900658636746524,24.709036135985848,0.9338380694389343,0.10014362633228302,Benchmark/output/aotgan/results/168_aotgan.png
170,aotgan,15.146636962890625,Tier 2 (15-30%),24.782123115105627,16.594171681590375,0.8958932757377625,0.10692907124757767,Benchmark/output/aotgan/results/169_aotgan.png
171,aotgan,8.4930419921875,Tier 1 (1-15%),35.315064417504644,24.745743581861007,0.9745807647705078,0.04803545027971268,Benchmark/output/aotgan/results/170_aotgan.png
172,aotgan,21.187210083007812,Tier 2 (15-30%),29.32427517603889,22.60135498912978,0.9521693587303162,0.09047739952802658,Benchmark/output/aotgan/results/171_aotgan.png
173,aotgan,19.151687622070312,Tier 2 (15-30%),28.129830871180374,20.969525647485376,0.9225218892097473,0.09974613785743713,Benchmark/output/aotgan/results/172_aotgan.png
174,aotgan,14.507293701171875,Tier 1 (1-15%),23.128792433167554,14.74884049854374,0.8746779561042786,0.10496120899915695,Benchmark/output/aotgan/results/173_aotgan.png
175,aotgan,20.959854125976562,Tier 2 (15-30%),24.880502826638985,18.102485472869446,0.8983156085014343,0.12143904715776443,Benchmark/output/aotgan/results/174_aotgan.png
176,aotgan,16.342544555664062,Tier 2 (15-30%),25.86122381504357,18.005589735672714,0.9375411868095398,0.10523448884487152,Benchmark/output/aotgan/results/175_aotgan.png
177,aotgan,13.45367431640625,Tier 1 (1-15%),26.545815372863153,17.847935129720575,0.904366672039032,0.07421983778476715,Benchmark/output/aotgan/results/176_aotgan.png
178,aotgan,28.011322021484375,Tier 2 (15-30%),25.753606279917967,20.23642720695658,0.8875311017036438,0.13334934413433075,Benchmark/output/aotgan/results/177_aotgan.png
179,aotgan,10.535812377929688,Tier 1 (1-15%),26.670118575068855,16.911462568494645,0.942672073841095,0.059853509068489075,Benchmark/output/aotgan/results/178_aotgan.png
180,aotgan,14.477920532226562,Tier 1 (1-15%),33.11727902405398,24.78606379208502,0.951108455657959,0.06684932112693787,Benchmark/output/aotgan/results/179_aotgan.png
181,aotgan,12.7838134765625,Tier 1 (1-15%),30.817240775017215,21.91950745619809,0.9612822532653809,0.06810072064399719,Benchmark/output/aotgan/results/180_aotgan.png
182,aotgan,12.179946899414062,Tier 1 (1-15%),39.46068790282814,30.590760180862016,0.9737427830696106,0.05755605176091194,Benchmark/output/aotgan/results/181_aotgan.png
183,aotgan,26.443862915039062,Tier 2 (15-30%),22.41386687457451,16.64156941550849,0.8132405877113342,0.16891440749168396,Benchmark/output/aotgan/results/182_aotgan.png
184,aotgan,26.430892944335938,Tier 2 (15-30%),35.320832097742176,29.624694152251653,0.9711748957633972,0.1231893002986908,Benchmark/output/aotgan/results/183_aotgan.png
185,aotgan,13.57421875,Tier 1 (1-15%),29.432919941203153,20.78690799544023,0.9395883679389954,0.0924452543258667,Benchmark/output/aotgan/results/184_aotgan.png
186,aotgan,27.806472778320312,Tier 2 (15-30%),25.296226908936248,19.74597238553522,0.8122269511222839,0.163389652967453,Benchmark/output/aotgan/results/185_aotgan.png
187,aotgan,13.978195190429688,Tier 1 (1-15%),31.254333490912526,22.752666101193295,0.9658859372138977,0.08652655780315399,Benchmark/output/aotgan/results/186_aotgan.png
188,aotgan,18.8934326171875,Tier 2 (15-30%),25.26962452585387,18.04486506541616,0.908146321773529,0.1052199974656105,Benchmark/output/aotgan/results/187_aotgan.png
189,aotgan,20.44219970703125,Tier 2 (15-30%),27.602090445938792,20.723990093582035,0.9046195149421692,0.1160803884267807,Benchmark/output/aotgan/results/188_aotgan.png
190,aotgan,25.526809692382812,Tier 2 (15-30%),35.45204764905322,29.6165702744417,0.9586089253425598,0.12891849875450134,Benchmark/output/aotgan/results/189_aotgan.png
191,aotgan,19.784927368164062,Tier 2 (15-30%),31.533196390560807,24.53436765487034,0.9522306323051453,0.10670406371355057,Benchmark/output/aotgan/results/190_aotgan.png
192,aotgan,21.5789794921875,Tier 2 (15-30%),22.380821084610915,15.724834693403569,0.8997313380241394,0.1487860083580017,Benchmark/output/aotgan/results/191_aotgan.png
193,aotgan,21.276473999023438,Tier 2 (15-30%),19.960229563889328,13.242427394636039,0.8309327960014343,0.1484483778476715,Benchmark/output/aotgan/results/192_aotgan.png
194,aotgan,26.711273193359375,Tier 2 (15-30%),32.44566190918965,26.760283389984565,0.9462787508964539,0.14073553681373596,Benchmark/output/aotgan/results/193_aotgan.png
195,aotgan,11.461257934570312,Tier 1 (1-15%),45.64808827495989,37.49184828947543,0.9933974742889404,0.08242098987102509,Benchmark/output/aotgan/results/194_aotgan.png
196,aotgan,11.55853271484375,Tier 1 (1-15%),37.605337220324046,28.41044826254235,0.9720085263252258,0.04567430168390274,Benchmark/output/aotgan/results/195_aotgan.png
197,aotgan,28.162384033203125,Tier 2 (15-30%),26.72337467965964,21.231529743098406,0.8615801930427551,0.1630708873271942,Benchmark/output/aotgan/results/196_aotgan.png
198,aotgan,22.559738159179688,Tier 2 (15-30%),29.87813577055678,23.439045179080917,0.9303252100944519,0.10209439694881439,Benchmark/output/aotgan/results/197_aotgan.png
199,aotgan,18.94378662109375,Tier 2 (15-30%),23.460847455782105,16.241803203325368,0.887615978717804,0.08772904425859451,Benchmark/output/aotgan/results/198_aotgan.png
200,aotgan,10.910415649414062,Tier 1 (1-15%),33.30795512646942,23.75431851899252,0.9759257435798645,0.07201159000396729,Benchmark/output/aotgan/results/199_aotgan.png
1,lama,20.937728881835938,Tier 2 (15-30%),23.893523964558018,17.109196033033843,0.8620285987854004,0.15699538588523865,Benchmark/output/lama/results/0_lama.png
2,lama,24.935531616210938,Tier 2 (15-30%),26.763456467098177,20.74232047815993,0.9427071213722229,0.15990076959133148,Benchmark/output/lama/results/1_lama.png
3,lama,15.954208374023438,Tier 2 (15-30%),26.74769388269628,18.78917505067635,0.9426286816596985,0.09466484189033508,Benchmark/output/lama/results/2_lama.png
4,lama,22.377395629882812,Tier 2 (15-30%),27.325018133975195,20.837567715936967,0.9406948089599609,0.12310438603162766,Benchmark/output/lama/results/3_lama.png
5,lama,20.635986328125,Tier 2 (15-30%),25.13958047554833,18.29488788308784,0.8529675006866455,0.1251136064529419,Benchmark/output/lama/results/4_lama.png
6,lama,27.435684204101562,Tier 2 (15-30%),24.71921130218068,19.10977078695035,0.8959253430366516,0.14671972393989563,Benchmark/output/lama/results/5_lama.png
7,lama,20.047760009765625,Tier 2 (15-30%),39.5793764478615,32.86373418463946,0.9775955677032471,0.15165501832962036,Benchmark/output/lama/results/6_lama.png
8,lama,14.788055419921875,Tier 1 (1-15%),26.66038529322205,18.37382051215958,0.9432974457740784,0.07710840553045273,Benchmark/output/lama/results/7_lama.png
9,lama,16.783523559570312,Tier 2 (15-30%),32.47309903896056,24.77396956588858,0.9739272594451904,0.11341234296560287,Benchmark/output/lama/results/8_lama.png
10,lama,9.740066528320312,Tier 1 (1-15%),35.32147658410554,25.30950915230303,0.9716343879699707,0.06247429549694061,Benchmark/output/lama/results/9_lama.png
11,lama,8.786773681640625,Tier 1 (1-15%),33.71131963701723,23.20140088892667,0.9694249033927917,0.08247612416744232,Benchmark/output/lama/results/10_lama.png
12,lama,22.600555419921875,Tier 2 (15-30%),24.036988204590074,17.58345490894135,0.8965741991996765,0.1800941824913025,Benchmark/output/lama/results/11_lama.png
13,lama,11.665725708007812,Tier 1 (1-15%),24.89638766072543,15.575192456812033,0.9071876406669617,0.07999283820390701,Benchmark/output/lama/results/12_lama.png
14,lama,19.025039672851562,Tier 2 (15-30%),35.31220791220754,28.20600516469462,0.9135882258415222,0.09886378794908524,Benchmark/output/lama/results/13_lama.png
15,lama,23.822402954101562,Tier 2 (15-30%),27.606467420521774,21.399384991667386,0.9051793217658997,0.13179390132427216,Benchmark/output/lama/results/14_lama.png
16,lama,18.609237670898438,Tier 2 (15-30%),29.842569552818,22.57432426812202,0.9456589818000793,0.11533652245998383,Benchmark/output/lama/results/15_lama.png
17,lama,24.544906616210938,Tier 2 (15-30%),21.32863175443303,15.231796217806286,0.7883524298667908,0.17563028633594513,Benchmark/output/lama/results/16_lama.png
18,lama,11.642837524414062,Tier 1 (1-15%),37.6284161974489,28.414964518824483,0.9855084419250488,0.08430512994527817,Benchmark/output/lama/results/17_lama.png
19,lama,18.316650390625,Tier 2 (15-30%),31.232536305805585,23.894483671137777,0.9248220324516296,0.11765637993812561,Benchmark/output/lama/results/18_lama.png
20,lama,13.15765380859375,Tier 1 (1-15%),30.901797329528296,22.132930559688567,0.9409863352775574,0.08937471359968185,Benchmark/output/lama/results/19_lama.png
21,lama,22.83782958984375,Tier 2 (15-30%),26.9413421509931,20.541247014856094,0.8820590972900391,0.127525195479393,Benchmark/output/lama/results/20_lama.png
22,lama,20.100784301757812,Tier 2 (15-30%),27.894839452947092,20.94443936687677,0.8573353290557861,0.11678650975227356,Benchmark/output/lama/results/21_lama.png
23,lama,14.265823364257812,Tier 1 (1-15%),31.322627408920045,22.910441004091116,0.9568712115287781,0.08899654448032379,Benchmark/output/lama/results/22_lama.png
24,lama,22.52960205078125,Tier 2 (15-30%),27.366282631313492,20.908445197556414,0.9209924340248108,0.13435646891593933,Benchmark/output/lama/results/23_lama.png
25,lama,15.476608276367188,Tier 2 (15-30%),27.837959819767928,19.753303534317954,0.8995131850242615,0.11251567304134369,Benchmark/output/lama/results/24_lama.png
26,lama,20.201873779296875,Tier 2 (15-30%),24.387772735024473,17.44912799580179,0.8781753182411194,0.11812157928943634,Benchmark/output/lama/results/25_lama.png
27,lama,14.395523071289062,Tier 1 (1-15%),35.580135306782395,27.264029871888646,0.9799032211303711,0.11039652675390244,Benchmark/output/lama/results/26_lama.png
28,lama,13.88397216796875,Tier 1 (1-15%),27.245921280981342,18.68648991396498,0.9359560608863831,0.08151412010192871,Benchmark/output/lama/results/27_lama.png
29,lama,25.267410278320312,Tier 2 (15-30%),21.106686286332682,15.135664187676834,0.8316395878791809,0.17172405123710632,Benchmark/output/lama/results/28_lama.png
30,lama,17.68341064453125,Tier 2 (15-30%),26.223766001185012,18.711527704716225,0.8815003037452698,0.11594965308904648,Benchmark/output/lama/results/29_lama.png
31,lama,11.4990234375,Tier 1 (1-15%),31.976517249420375,22.630464637723815,0.9504689574241638,0.07151175290346146,Benchmark/output/lama/results/30_lama.png
32,lama,9.347915649414062,Tier 1 (1-15%),29.822292450335063,19.5605286888598,0.9638871550559998,0.07618992030620575,Benchmark/output/lama/results/31_lama.png
33,lama,25.321578979492188,Tier 2 (15-30%),29.031725149281485,23.086145921626326,0.9403662085533142,0.14608639478683472,Benchmark/output/lama/results/32_lama.png
34,lama,16.574859619140625,Tier 2 (15-30%),31.260778359515516,23.524929923180572,0.9862295985221863,0.09319917857646942,Benchmark/output/lama/results/33_lama.png
35,lama,20.94573974609375,Tier 2 (15-30%),27.642499812147424,20.867744531781685,0.936431884765625,0.12577800452709198,Benchmark/output/lama/results/34_lama.png
36,lama,8.822250366210938,Tier 1 (1-15%),32.83056275563812,22.347601526513778,0.9541516900062561,0.05729289725422859,Benchmark/output/lama/results/35_lama.png
37,lama,19.025039672851562,Tier 2 (15-30%),31.78370023382243,24.628982314961853,0.9509449005126953,0.13562288880348206,Benchmark/output/lama/results/36_lama.png
38,lama,17.976760864257812,Tier 2 (15-30%),30.52642440493168,23.10601738554866,0.9422041773796082,0.10383480042219162,Benchmark/output/lama/results/37_lama.png
39,lama,14.818572998046875,Tier 1 (1-15%),26.399948814256497,18.1211588491917,0.939715564250946,0.08621230721473694,Benchmark/output/lama/results/38_lama.png
40,lama,7.1197509765625,Tier 1 (1-15%),36.41144141906793,25.076045754825998,0.9900091290473938,0.061033956706523895,Benchmark/output/lama/results/39_lama.png
41,lama,24.565887451171875,Tier 2 (15-30%),25.64623330811446,19.55799402918433,0.9090319275856018,0.173505499958992,Benchmark/output/lama/results/40_lama.png
42,lama,13.076019287109375,Tier 1 (1-15%),30.720515406457622,21.931633675581693,0.9437048435211182,0.11428631842136383,Benchmark/output/lama/results/41_lama.png
43,lama,18.505477905273438,Tier 2 (15-30%),31.47801283725719,24.18899827186198,0.9556344151496887,0.11584644019603729,Benchmark/output/lama/results/42_lama.png
44,lama,26.513290405273438,Tier 2 (15-30%),22.6669594874742,16.90222766045976,0.9366212487220764,0.13574433326721191,Benchmark/output/lama/results/43_lama.png
45,lama,17.894363403320312,Tier 2 (15-30%),35.48182696812595,28.11516657559689,0.9492852091789246,0.08720771223306656,Benchmark/output/lama/results/44_lama.png
46,lama,22.177505493164062,Tier 2 (15-30%),26.37738296700501,19.84752709784373,0.9031661152839661,0.15989530086517334,Benchmark/output/lama/results/45_lama.png
47,lama,23.913192749023438,Tier 2 (15-30%),24.92744587151916,18.723117239645372,0.8854221701622009,0.1443159133195877,Benchmark/output/lama/results/46_lama.png
48,lama,28.710174560546875,Tier 2 (15-30%),26.697879234884287,21.288942574338613,0.9015102386474609,0.20070494711399078,Benchmark/output/lama/results/47_lama.png
49,lama,19.966506958007812,Tier 2 (15-30%),29.927944477845205,22.95860884313945,0.9570187926292419,0.15466316044330597,Benchmark/output/lama/results/48_lama.png
50,lama,21.091079711914062,Tier 2 (15-30%),24.76798472996293,18.016862020936465,0.9203729629516602,0.13785035908222198,Benchmark/output/lama/results/49_lama.png
51,lama,11.298751831054688,Tier 1 (1-15%),30.981418588319002,21.54634386602354,0.9727742075920105,0.07466159760951996,Benchmark/output/lama/results/50_lama.png
52,lama,15.44189453125,Tier 2 (15-30%),28.259003026346644,20.166202760190536,0.9148972034454346,0.089713916182518,Benchmark/output/lama/results/51_lama.png
53,lama,10.029220581054688,Tier 1 (1-15%),26.877144087031514,16.90285124753425,0.9554678797721863,0.06318550556898117,Benchmark/output/lama/results/52_lama.png
54,lama,23.897933959960938,Tier 2 (15-30%),35.43032822466113,29.293972412968646,0.9585444331169128,0.18601861596107483,Benchmark/output/lama/results/53_lama.png
55,lama,18.149566650390625,Tier 2 (15-30%),30.40738664988619,23.026840287415165,0.9425439834594727,0.09167583286762238,Benchmark/output/lama/results/54_lama.png
56,lama,10.077285766601562,Tier 1 (1-15%),30.171484549579777,20.237694163313876,0.9609033465385437,0.06835390627384186,Benchmark/output/lama/results/55_lama.png
57,lama,23.349380493164062,Tier 2 (15-30%),29.55547715220601,23.258722093109107,0.9489447474479675,0.1539071798324585,Benchmark/output/lama/results/56_lama.png
58,lama,23.314285278320312,Tier 2 (15-30%),21.089038829186265,14.768611074827236,0.8973972201347351,0.12911158800125122,Benchmark/output/lama/results/57_lama.png
59,lama,22.863006591796875,Tier 2 (15-30%),22.202940538249276,15.79823956334587,0.8825954794883728,0.13480496406555176,Benchmark/output/lama/results/58_lama.png
60,lama,12.802886962890625,Tier 1 (1-15%),24.85301478641329,15.934789253536216,0.9111771583557129,0.08533220738172531,Benchmark/output/lama/results/59_lama.png
61,lama,26.64642333984375,Tier 2 (15-30%),24.287482948992057,18.550593000719296,0.8190529942512512,0.1663002073764801,Benchmark/output/lama/results/60_lama.png
62,lama,9.27734375,Tier 1 (1-15%),29.576505450234954,19.27686746300331,0.9593594670295715,0.0810389295220375,Benchmark/output/lama/results/61_lama.png
63,lama,17.3675537109375,Tier 2 (15-30%),27.60927297721065,20.022794568980814,0.9237152934074402,0.09154215455055237,Benchmark/output/lama/results/62_lama.png
64,lama,18.577957153320312,Tier 2 (15-30%),24.64578885850353,17.343924142243175,0.867889404296875,0.11303146928548813,Benchmark/output/lama/results/63_lama.png
65,lama,23.81439208984375,Tier 2 (15-30%),25.424458394330944,19.20303359093172,0.8652026057243347,0.12801669538021088,Benchmark/output/lama/results/64_lama.png
66,lama,8.3221435546875,Tier 1 (1-15%),28.18282150238865,17.405863751609925,0.9639270901679993,0.04657594487071037,Benchmark/output/lama/results/65_lama.png
67,lama,24.184417724609375,Tier 2 (15-30%),28.997716250175735,22.853097766362794,0.9409443736076355,0.14455685019493103,Benchmark/output/lama/results/66_lama.png
68,lama,18.698883056640625,Tier 2 (15-30%),30.900269155938325,23.653081858212595,0.8917344212532043,0.104891836643219,Benchmark/output/lama/results/67_lama.png
69,lama,17.400360107421875,Tier 2 (15-30%),29.339479188539933,21.7819787558047,0.9461820721626282,0.09242142736911774,Benchmark/output/lama/results/68_lama.png
70,lama,15.204238891601562,Tier 2 (15-30%),31.481265608749915,23.34290100156998,0.9558073878288269,0.10059447586536407,Benchmark/output/lama/results/69_lama.png
71,lama,25.145339965820312,Tier 2 (15-30%),26.8967286656731,20.91380717138641,0.8628966808319092,0.14710700511932373,Benchmark/output/lama/results/70_lama.png
72,lama,19.309234619140625,Tier 2 (15-30%),22.395586218754943,15.258177825619736,0.8680965304374695,0.12286169826984406,Benchmark/output/lama/results/71_lama.png
73,lama,13.224029541015625,Tier 1 (1-15%),28.928682878583402,20.163841613494384,0.9362421035766602,0.08542047441005707,Benchmark/output/lama/results/72_lama.png
74,lama,26.877212524414062,Tier 2 (15-30%),18.546932249628483,12.842453109866243,0.8541805148124695,0.18684466183185577,Benchmark/output/lama/results/73_lama.png
75,lama,17.11578369140625,Tier 2 (15-30%),33.20196733385573,25.604353527772908,0.9744685292243958,0.09832406044006348,Benchmark/output/lama/results/74_lama.png
76,lama,26.746368408203125,Tier 2 (15-30%),25.544147713191983,19.82575668103824,0.8820037841796875,0.15382297337055206,Benchmark/output/lama/results/75_lama.png
77,lama,11.080169677734375,Tier 1 (1-15%),26.42613260597186,16.884968512379473,0.9171018600463867,0.07735893875360489,Benchmark/output/lama/results/76_lama.png
78,lama,22.04132080078125,Tier 2 (15-30%),28.920373864303688,22.373173609394037,0.9478928446769714,0.11934663355350494,Benchmark/output/lama/results/77_lama.png
79,lama,25.6500244140625,Tier 2 (15-30%),27.27061692009849,21.376194818641427,0.8827154040336609,0.1651858240365982,Benchmark/output/lama/results/78_lama.png
80,lama,15.677642822265625,Tier 2 (15-30%),29.535404793136205,21.514947876102987,0.9087658524513245,0.08968889713287354,Benchmark/output/lama/results/79_lama.png
81,lama,20.853424072265625,Tier 2 (15-30%),27.733104249849458,20.94532123178174,0.8921753764152527,0.17476017773151398,Benchmark/output/lama/results/80_lama.png
82,lama,26.717758178710938,Tier 2 (15-30%),29.74847503891685,24.03407840429778,0.9642653465270996,0.16627633571624756,Benchmark/output/lama/results/81_lama.png
83,lama,34.7442626953125,Tier 3 (30-50%),17.079597841545755,12.48928765515293,0.766148030757904,0.2254163771867752,Benchmark/output/lama/results/82_lama.png
84,lama,19.085693359375,Tier 2 (15-30%),27.818238720705622,20.642265575407393,0.911470890045166,0.11281409859657288,Benchmark/output/lama/results/83_lama.png
85,lama,10.34698486328125,Tier 1 (1-15%),28.1992371702656,18.366389080094578,0.9408960342407227,0.06488626450300217,Benchmark/output/lama/results/84_lama.png
86,lama,16.919326782226562,Tier 2 (15-30%),28.877544280947774,21.183766227324583,0.9454312324523926,0.11499786376953125,Benchmark/output/lama/results/85_lama.png
87,lama,25.388717651367188,Tier 2 (15-30%),29.656995556902963,23.72603984264055,0.9250099658966064,0.15943127870559692,Benchmark/output/lama/results/86_lama.png
88,lama,20.130538940429688,Tier 2 (15-30%),27.79320838578018,20.85009603502961,0.9571333527565002,0.14387086033821106,Benchmark/output/lama/results/87_lama.png
89,lama,26.736068725585938,Tier 2 (15-30%),25.18581134668178,19.46211619210291,0.965889036655426,0.1545829176902771,Benchmark/output/lama/results/88_lama.png
90,lama,13.103485107421875,Tier 1 (1-15%),35.985018838065535,27.27863326174855,0.9682998657226562,0.09618820250034332,Benchmark/output/lama/results/89_lama.png
91,lama,12.146759033203125,Tier 1 (1-15%),30.523943020051018,21.404130691502473,0.9637829661369324,0.06203637272119522,Benchmark/output/lama/results/90_lama.png
92,lama,25.587844848632812,Tier 2 (15-30%),26.909756801667598,21.00325776833913,0.856101930141449,0.12024036794900894,Benchmark/output/lama/results/91_lama.png
93,lama,24.95574951171875,Tier 2 (15-30%),31.94334964382902,25.954348015974162,0.9550420641899109,0.18371370434761047,Benchmark/output/lama/results/92_lama.png
94,lama,17.537307739257812,Tier 2 (15-30%),36.702445902608986,29.275957466310704,0.9664302468299866,0.11091111600399017,Benchmark/output/lama/results/93_lama.png
95,lama,9.3017578125,Tier 1 (1-15%),28.57865829634906,18.289308096425426,0.9549438953399658,0.07168323546648026,Benchmark/output/lama/results/94_lama.png
96,lama,24.502182006835938,Tier 2 (15-30%),27.575070281261468,21.478444284988484,0.9023846983909607,0.16030973196029663,Benchmark/output/lama/results/95_lama.png
97,lama,15.63262939453125,Tier 2 (15-30%),30.15684698163274,22.125959357150954,0.9681608080863953,0.10992619395256042,Benchmark/output/lama/results/96_lama.png
98,lama,8.14666748046875,Tier 1 (1-15%),34.67186891474359,23.882668582999408,0.9781155586242676,0.06613054871559143,Benchmark/output/lama/results/97_lama.png
99,lama,21.23870849609375,Tier 2 (15-30%),24.741441246369185,18.021025134794662,0.9096843600273132,0.11790385842323303,Benchmark/output/lama/results/98_lama.png
100,lama,11.260223388671875,Tier 1 (1-15%),27.19813521060846,17.730004129102404,0.9266664385795593,0.06647324562072754,Benchmark/output/lama/results/99_lama.png
101,lama,9.53826904296875,Tier 1 (1-15%),29.564639859211162,19.380444675177856,0.9623623490333557,0.0771528109908104,Benchmark/output/lama/results/100_lama.png
102,lama,17.345428466796875,Tier 2 (15-30%),27.62997961952386,20.03854986845118,0.9344899654388428,0.11672094464302063,Benchmark/output/lama/results/101_lama.png
103,lama,22.961807250976562,Tier 2 (15-30%),29.377484883917337,23.01068957411809,0.8959712386131287,0.1334265023469925,Benchmark/output/lama/results/102_lama.png
104,lama,13.716888427734375,Tier 1 (1-15%),32.22770641584898,23.65160198117981,0.9584357142448425,0.09340803325176239,Benchmark/output/lama/results/103_lama.png
105,lama,14.290237426757812,Tier 1 (1-15%),29.818225893294006,21.39803034827503,0.9614641070365906,0.09174645692110062,Benchmark/output/lama/results/104_lama.png
106,lama,11.085891723632812,Tier 1 (1-15%),34.83209720033453,25.36024833597599,0.9679803848266602,0.0554661899805069,Benchmark/output/lama/results/105_lama.png
107,lama,17.626953125,Tier 2 (15-30%),25.728052354848362,18.200807417221107,0.916684627532959,0.10162369161844254,Benchmark/output/lama/results/106_lama.png
108,lama,22.66387939453125,Tier 2 (15-30%),21.10493467674488,14.661346984320575,0.8279884457588196,0.15476836264133453,Benchmark/output/lama/results/107_lama.png
109,lama,17.950057983398438,Tier 2 (15-30%),26.927303933876164,19.48174156380245,0.9217700958251953,0.10835494101047516,Benchmark/output/lama/results/108_lama.png
110,lama,22.79510498046875,Tier 2 (15-30%),21.81531469924097,15.396897853286443,0.8317429423332214,0.16264326870441437,Benchmark/output/lama/results/109_lama.png
111,lama,14.300155639648438,Tier 1 (1-15%),28.24605400235444,19.81592554626496,0.8977159857749939,0.08524641394615173,Benchmark/output/lama/results/110_lama.png
112,lama,10.779190063476562,Tier 1 (1-15%),31.196597336292346,21.562653222278755,0.9452808499336243,0.07100646942853928,Benchmark/output/lama/results/111_lama.png
113,lama,31.937408447265625,Tier 3 (30-50%),19.120464542945463,14.165346741279798,0.7934730648994446,0.19768530130386353,Benchmark/output/lama/results/112_lama.png
114,lama,11.353302001953125,Tier 1 (1-15%),24.557068041036246,15.116045085844531,0.9632824063301086,0.060508083552122116,Benchmark/output/lama/results/113_lama.png
115,lama,8.566665649414062,Tier 1 (1-15%),30.238428939374668,19.59862982281219,0.9509965777397156,0.05770581215620041,Benchmark/output/lama/results/114_lama.png
116,lama,16.369247436523438,Tier 2 (15-30%),23.990382205373628,16.137951652480144,0.8735383152961731,0.11090656369924545,Benchmark/output/lama/results/115_lama.png
117,lama,22.736740112304688,Tier 2 (15-30%),18.774096796759384,12.343292552847071,0.8313297629356384,0.15908920764923096,Benchmark/output/lama/results/116_lama.png
118,lama,21.509933471679688,Tier 2 (15-30%),23.630445949234723,16.963031066260054,0.8988745212554932,0.13689114153385162,Benchmark/output/lama/results/117_lama.png
119,lama,14.298629760742188,Tier 1 (1-15%),24.03491043788026,15.595219540931176,0.8794803619384766,0.0950155183672905,Benchmark/output/lama/results/118_lama.png
120,lama,26.863861083984375,Tier 2 (15-30%),21.514347939213323,15.808790263871245,0.8864459991455078,0.18720488250255585,Benchmark/output/lama/results/119_lama.png
121,lama,25.780487060546875,Tier 2 (15-30%),24.78212689085192,18.902943886673576,0.878344714641571,0.14915482699871063,Benchmark/output/lama/results/120_lama.png
122,lama,9.679412841796875,Tier 1 (1-15%),34.35382928946118,24.29826793289308,0.9581136703491211,0.060404788702726364,Benchmark/output/lama/results/121_lama.png
123,lama,16.134262084960938,Tier 2 (15-30%),40.42448132027086,32.88343325496888,0.9776139855384827,0.1093604564666748,Benchmark/output/lama/results/122_lama.png
124,lama,16.556167602539062,Tier 2 (15-30%),28.000009676813413,20.20734336347738,0.9411620497703552,0.11479224264621735,Benchmark/output/lama/results/123_lama.png
125,lama,17.639923095703125,Tier 2 (15-30%),31.568059239259654,24.061495352886656,0.9695393443107605,0.10457061231136322,Benchmark/output/lama/results/124_lama.png
126,lama,24.176406860351562,Tier 2 (15-30%),20.256936666066245,14.093830602595192,0.8457265496253967,0.1454552710056305,Benchmark/output/lama/results/125_lama.png
127,lama,12.961578369140625,Tier 1 (1-15%),27.472456552738098,18.615433687907597,0.9042553305625916,0.0726204365491867,Benchmark/output/lama/results/126_lama.png
128,lama,22.697067260742188,Tier 2 (15-30%),27.370766037662655,20.944825977735846,0.9152653813362122,0.13424447178840637,Benchmark/output/lama/results/127_lama.png
129,lama,31.34002685546875,Tier 3 (30-50%),22.484167911309385,17.448348008170683,0.8931863307952881,0.17353826761245728,Benchmark/output/lama/results/128_lama.png
130,lama,23.169708251953125,Tier 2 (15-30%),34.28892790625116,28.001408261403228,0.968168318271637,0.17188288271427155,Benchmark/output/lama/results/129_lama.png
131,lama,10.371017456054688,Tier 1 (1-15%),30.996644522865754,21.19557978244722,0.9429435729980469,0.054983045905828476,Benchmark/output/lama/results/130_lama.png
132,lama,24.914932250976562,Tier 2 (15-30%),25.27557124068518,19.248866718381173,0.8626475930213928,0.14633917808532715,Benchmark/output/lama/results/131_lama.png
133,lama,24.852752685546875,Tier 2 (15-30%),26.98538566258655,20.951573326216305,0.9281837940216064,0.1389174461364746,Benchmark/output/lama/results/132_lama.png
134,lama,15.65704345703125,Tier 2 (15-30%),32.277410644752216,24.274278693700317,0.9259696006774902,0.11249862611293793,Benchmark/output/lama/results/133_lama.png
135,lama,24.543380737304688,Tier 2 (15-30%),22.955964948082848,16.86198237234441,0.8872448801994324,0.15220248699188232,Benchmark/output/lama/results/134_lama.png
136,lama,13.979339599609375,Tier 1 (1-15%),21.497736843272627,12.957035497514518,0.8863608241081238,0.10196320712566376,Benchmark/output/lama/results/135_lama.png
137,lama,21.239852905273438,Tier 2 (15-30%),20.89396377808256,14.169096735937854,0.8743583559989929,0.15355783700942993,Benchmark/output/lama/results/136_lama.png
138,lama,17.741775512695312,Tier 2 (15-30%),26.522609648309526,19.02565200847334,0.899310290813446,0.11139091849327087,Benchmark/output/lama/results/137_lama.png
139,lama,27.93121337890625,Tier 2 (15-30%),32.598687531439616,27.096731149099472,0.8974425196647644,0.19808760285377502,Benchmark/output/lama/results/138_lama.png
140,lama,25.659561157226562,Tier 2 (15-30%),25.632016323865944,19.73599914192309,0.8659546375274658,0.15936413407325745,Benchmark/output/lama/results/139_lama.png
141,lama,22.860336303710938,Tier 2 (15-30%),19.594226853333044,13.187385022035318,0.8252838253974915,0.15876559913158417,Benchmark/output/lama/results/140_lama.png
142,lama,13.164138793945312,Tier 1 (1-15%),25.736201670844938,16.94288859827027,0.8993027806282043,0.0865759402513504,Benchmark/output/lama/results/141_lama.png
143,lama,13.066482543945312,Tier 1 (1-15%),29.510932490682762,20.699221723476647,0.9133110642433167,0.07888997346162796,Benchmark/output/lama/results/142_lama.png
144,lama,10.583114624023438,Tier 1 (1-15%),30.684081340193913,20.96585022648595,0.9247683882713318,0.06618399918079376,Benchmark/output/lama/results/143_lama.png
145,lama,11.034393310546875,Tier 1 (1-15%),29.83465418547039,20.289849937474465,0.9580292701721191,0.08719605207443237,Benchmark/output/lama/results/144_lama.png
146,lama,26.306533813476562,Tier 2 (15-30%),33.24938517451825,27.48601984738898,0.9588592648506165,0.17460781335830688,Benchmark/output/lama/results/145_lama.png
147,lama,24.0814208984375,Tier 2 (15-30%),36.120788441875334,30.042965437818168,0.9753531813621521,0.1876753568649292,Benchmark/output/lama/results/146_lama.png
148,lama,24.36065673828125,Tier 2 (15-30%),28.660689736967818,22.545346678383655,0.8791543841362,0.16142140328884125,Benchmark/output/lama/results/147_lama.png
149,lama,8.756256103515625,Tier 1 (1-15%),31.08934391200976,20.55220974492717,0.9724421501159668,0.05957888811826706,Benchmark/output/lama/results/148_lama.png
150,lama,25.134658813476562,Tier 2 (15-30%),22.576412870059272,16.583877491329687,0.8222363591194153,0.1540391445159912,Benchmark/output/lama/results/149_lama.png
151,lama,23.023223876953125,Tier 2 (15-30%),26.509158687163314,20.14390881789584,0.8938710689544678,0.16392719745635986,Benchmark/output/lama/results/150_lama.png
152,lama,19.00482177734375,Tier 2 (15-30%),21.91737211122863,14.710405293248725,0.8429889678955078,0.12569588422775269,Benchmark/output/lama/results/151_lama.png
153,lama,21.244430541992188,Tier 2 (15-30%),23.998829046504824,17.27825691334386,0.8674197793006897,0.14230883121490479,Benchmark/output/lama/results/152_lama.png
154,lama,18.648147583007812,Tier 2 (15-30%),29.480937476232135,22.213954050964343,0.9321780204772949,0.1166706383228302,Benchmark/output/lama/results/153_lama.png
155,lama,8.105087280273438,Tier 1 (1-15%),28.888132482461145,17.998722409117384,0.9684340357780457,0.06481228023767471,Benchmark/output/lama/results/154_lama.png
156,lama,23.822402954101562,Tier 2 (15-30%),32.0673509621822,25.87748639635192,0.9278936386108398,0.1585530936717987,Benchmark/output/lama/results/155_lama.png
157,lama,21.811294555664062,Tier 2 (15-30%),26.970870995702807,20.36909595129478,0.9352882504463196,0.12238673865795135,Benchmark/output/lama/results/156_lama.png
158,lama,15.976333618164062,Tier 2 (15-30%),27.786778569489204,19.83904598992823,0.8916900753974915,0.10395391285419464,Benchmark/output/lama/results/157_lama.png
159,lama,10.712814331054688,Tier 1 (1-15%),25.733232850254137,16.044237439116998,0.9442191123962402,0.06844183802604675,Benchmark/output/lama/results/158_lama.png
160,lama,18.352890014648438,Tier 2 (15-30%),23.304811736083767,15.94808561208415,0.895943820476532,0.11782757192850113,Benchmark/output/lama/results/159_lama.png
161,lama,24.762725830078125,Tier 2 (15-30%),25.737378043405617,19.683948622793526,0.9100199341773987,0.13931286334991455,Benchmark/output/lama/results/160_lama.png
162,lama,23.6541748046875,Tier 2 (15-30%),26.886156345203386,20.638614589633804,0.9292967915534973,0.12407362461090088,Benchmark/output/lama/results/161_lama.png
163,lama,22.594451904296875,Tier 2 (15-30%),26.977070298771196,20.529913402728667,0.9305662512779236,0.13676728308200836,Benchmark/output/lama/results/162_lama.png
164,lama,26.151275634765625,Tier 2 (15-30%),21.906687132674815,16.085684514255853,0.8223545551300049,0.1746702641248703,Benchmark/output/lama/results/163_lama.png
165,lama,12.88909912109375,Tier 1 (1-15%),28.638233292721512,19.759491237903077,0.9606018662452698,0.08172428607940674,Benchmark/output/lama/results/164_lama.png
166,lama,12.91046142578125,Tier 1 (1-15%),35.201898809174715,26.426329075350424,0.9615211486816406,0.08949878066778183,Benchmark/output/lama/results/165_lama.png
167,lama,24.489212036132812,Tier 2 (15-30%),28.43489913735576,22.33780963581171,0.9501209855079651,0.14573535323143005,Benchmark/output/lama/results/166_lama.png
168,lama,20.05157470703125,Tier 2 (15-30%),25.68440235860595,18.717044221920066,0.9205200672149658,0.1151438057422638,Benchmark/output/lama/results/167_lama.png
169,lama,23.851776123046875,Tier 2 (15-30%),30.626815119934918,24.43315845171132,0.9292421340942383,0.1177782267332077,Benchmark/output/lama/results/168_lama.png
170,lama,15.146636962890625,Tier 2 (15-30%),25.531189022047368,17.344912523851686,0.906424343585968,0.09356959164142609,Benchmark/output/lama/results/169_lama.png
171,lama,8.4930419921875,Tier 1 (1-15%),34.54742204252424,23.955102304375984,0.9705784320831299,0.0861092209815979,Benchmark/output/lama/results/170_lama.png
172,lama,21.187210083007812,Tier 2 (15-30%),29.548647131357008,22.82659498072297,0.9487881660461426,0.16411307454109192,Benchmark/output/lama/results/171_lama.png
173,lama,19.151687622070312,Tier 2 (15-30%),27.73987642995141,20.578054675233957,0.9169281125068665,0.11334814876317978,Benchmark/output/lama/results/172_lama.png
174,lama,14.507293701171875,Tier 1 (1-15%),24.28413275307147,15.905456859003015,0.8853548169136047,0.09528307616710663,Benchmark/output/lama/results/173_lama.png
175,lama,20.959854125976562,Tier 2 (15-30%),25.45051262150379,18.67363242934971,0.9006792902946472,0.11900074779987335,Benchmark/output/lama/results/174_lama.png
176,lama,16.342544555664062,Tier 2 (15-30%),25.012642608906248,17.155023735606623,0.9357110857963562,0.10648879408836365,Benchmark/output/lama/results/175_lama.png
177,lama,13.45367431640625,Tier 1 (1-15%),26.240401786001073,17.54158920209816,0.9029069542884827,0.07459340989589691,Benchmark/output/lama/results/176_lama.png
178,lama,28.011322021484375,Tier 2 (15-30%),25.233341005001936,19.715089924482186,0.8801240921020508,0.16302788257598877,Benchmark/output/lama/results/177_lama.png
179,lama,10.535812377929688,Tier 1 (1-15%),26.10927483539247,16.348839768574713,0.9394858479499817,0.06439289450645447,Benchmark/output/lama/results/178_lama.png
180,lama,14.477920532226562,Tier 1 (1-15%),33.21799521210005,24.88823905034017,0.9493481516838074,0.0769786611199379,Benchmark/output/lama/results/179_lama.png
181,lama,12.7838134765625,Tier 1 (1-15%),32.44355592335695,23.562118387513912,0.9588255882263184,0.08546778559684753,Benchmark/output/lama/results/180_lama.png
182,lama,12.179946899414062,Tier 1 (1-15%),38.48245574183364,29.555939814891993,0.9710814356803894,0.10325933992862701,Benchmark/output/lama/results/181_lama.png
183,lama,26.443862915039062,Tier 2 (15-30%),23.996161178539296,18.225823158022756,0.8230459690093994,0.17175927758216858,Benchmark/output/lama/results/182_lama.png
184,lama,26.430892944335938,Tier 2 (15-30%),33.76024600760183,28.038964323521178,0.9653823375701904,0.16817031800746918,Benchmark/output/lama/results/183_lama.png
185,lama,13.57421875,Tier 1 (1-15%),31.709776838201922,23.082358850486337,0.9326853156089783,0.08814939111471176,Benchmark/output/lama/results/184_lama.png
186,lama,27.806472778320312,Tier 2 (15-30%),25.65039456690732,20.100844731801267,0.8100301623344421,0.16920962929725647,Benchmark/output/lama/results/185_lama.png
187,lama,13.978195190429688,Tier 1 (1-15%),31.11420938194373,22.611144028541506,0.9618529677391052,0.12654076516628265,Benchmark/output/lama/results/186_lama.png
188,lama,18.8934326171875,Tier 2 (15-30%),25.149746399350065,17.924656358259977,0.9042369723320007,0.11375460773706436,Benchmark/output/lama/results/187_lama.png
189,lama,20.44219970703125,Tier 2 (15-30%),27.160214851321214,20.2805036480895,0.900209367275238,0.1388523280620575,Benchmark/output/lama/results/188_lama.png
190,lama,25.526809692382812,Tier 2 (15-30%),36.39380950757996,30.5815432903968,0.9571103453636169,0.15348580479621887,Benchmark/output/lama/results/189_lama.png
191,lama,19.784927368164062,Tier 2 (15-30%),31.045429254615975,24.04256577444254,0.9472710490226746,0.13526588678359985,Benchmark/output/lama/results/190_lama.png
192,lama,21.5789794921875,Tier 2 (15-30%),22.024286657943378,15.368007633495093,0.8982517719268799,0.16875343024730682,Benchmark/output/lama/results/191_lama.png
193,lama,21.276473999023438,Tier 2 (15-30%),20.494303604466616,13.776920658520108,0.8458775877952576,0.14091740548610687,Benchmark/output/lama/results/192_lama.png
194,lama,26.711273193359375,Tier 2 (15-30%),32.492576908275254,26.80771929281116,0.94000244140625,0.17392060160636902,Benchmark/output/lama/results/193_lama.png
195,lama,11.461257934570312,Tier 1 (1-15%),42.1611274541494,33.27012820567807,0.9901409149169922,0.09899694472551346,Benchmark/output/lama/results/194_lama.png
196,lama,11.55853271484375,Tier 1 (1-15%),35.95307167987314,26.701686077208095,0.9678800702095032,0.0714661180973053,Benchmark/output/lama/results/195_lama.png
197,lama,28.162384033203125,Tier 2 (15-30%),26.69826173066054,21.206350004986177,0.8520976901054382,0.1763874590396881,Benchmark/output/lama/results/196_lama.png
198,lama,22.559738159179688,Tier 2 (15-30%),29.494957699785502,23.053532554861924,0.926504373550415,0.13997682929039001,Benchmark/output/lama/results/197_lama.png
199,lama,18.94378662109375,Tier 2 (15-30%),22.66297145663006,15.442871248213663,0.8815311789512634,0.09987173974514008,Benchmark/output/lama/results/198_lama.png
200,lama,10.910415649414062,Tier 1 (1-15%),35.959545345730504,26.46392203783158,0.9793534278869629,0.08024413883686066,Benchmark/output/lama/results/199_lama.png
1,sd,20.937728881835938,Tier 2 (15-30%),17.69394577714937,15.486785318682802,0.6468711495399475,0.40619605779647827,Benchmark/output/sd/results/0_sd.png
2,sd,24.935531616210938,Tier 2 (15-30%),9.779925352931095,9.108003683678076,0.3862188160419464,0.7157451510429382,Benchmark/output/sd/results/1_sd.png
3,sd,15.954208374023438,Tier 2 (15-30%),7.022933859424983,6.3471037392029945,0.258099764585495,0.7508124113082886,Benchmark/output/sd/results/2_sd.png
4,sd,22.377395629882812,Tier 2 (15-30%),8.848750119420627,10.005094692368104,0.30208083987236023,0.7214240431785583,Benchmark/output/sd/results/3_sd.png
5,sd,20.635986328125,Tier 2 (15-30%),8.62077998217486,8.023321501527624,0.1351718306541443,0.886545717716217,Benchmark/output/sd/results/4_sd.png
6,sd,27.435684204101562,Tier 2 (15-30%),8.813726087651878,8.977013262959764,0.18129800260066986,0.8487809896469116,Benchmark/output/sd/results/5_sd.png
