sample_id,model_name,target_core,soc_temp_start_c,soc_temp_end_c,delta_temp_c,npu_pure_latency_ms,wall_latency_ms,psnr_full,psnr_hole,ssim,lpips_vgg,q_boundary,active_power_w,active_energy_j,edp
001,migan_npu,NPU,56.9,56.8,0.0,68.0,518.0,28.9668,18.1983,0.9345,0.0888,0.1242,2.48,0.1686,0.011468
002,migan_npu,NPU,56.9,56.8,0.0,68.0,518.0,18.1949,23.746,0.4967,0.197,0.0759,2.48,0.1686,0.011468
003,migan_npu,NPU,56.9,56.8,0.0,68.0,518.0,32.0097,33.2931,0.919,0.1044,0.0267,2.48,0.1686,0.011468
004,migan_npu,NPU,56.9,56.8,0.0,68.0,518.0,21.2378,16.2717,0.5895,0.1952,0.1864,2.48,0.1686,0.011468
005,migan_npu,NPU,56.9,56.8,0.0,68.0,518.0,23.0667,13.9161,0.8319,0.1374,0.2596,2.48,0.1686,0.011468
006,migan_npu,NPU,56.9,56.8,0.0,68.0,518.0,24.0081,16.7186,0.883,0.1626,0.0958,2.48,0.1686,0.011468
007,migan_npu,NPU,56.9,56.8,0.0,68.0,518.0,30.2214,21.8656,0.9308,0.1258,0.1051,2.48,0.1686,0.011468
008,migan_npu,NPU,56.9,56.8,0.0,68.0,518.0,27.0326,19.5986,0.879,0.183,0.1247,2.48,0.1686,0.011468
009,migan_npu,NPU,56.9,56.8,0.0,68.0,518.0,29.043,19.8935,0.9413,0.0911,0.1869,2.48,0.1686,0.011468
010,migan_npu,NPU,56.9,56.8,0.0,68.0,518.0,29.8217,21.3106,0.91,0.1243,0.1154,2.48,0.1686,0.011468
011,migan_npu,NPU,56.9,56.8,0.0,68.0,518.0,33.7319,24.5216,0.9534,0.1101,0.0651,2.48,0.1686,0.011468
012,migan_npu,NPU,56.9,56.8,0.0,68.0,518.0,31.6181,23.6842,0.8951,0.1199,0.1763,2.48,0.1686,0.011468
013,migan_npu,NPU,56.9,56.8,0.0,68.0,518.0,24.5861,16.7532,0.8256,0.1241,0.2791,2.48,0.1686,0.011468
014,migan_npu,NPU,56.9,56.8,0.0,68.0,518.0,20.4964,22.9859,0.6639,0.2139,0.1347,2.48,0.1686,0.011468
015,migan_npu,NPU,56.9,56.8,0.0,68.0,518.0,35.7685,26.9739,0.9462,0.1118,0.0843,2.48,0.1686,0.011468
016,migan_npu,NPU,56.9,56.8,0.0,68.0,518.0,20.7438,21.1036,0.5915,0.178,0.1613,2.48,0.1686,0.011468
017,migan_npu,NPU,56.9,56.8,0.0,68.0,518.0,14.651,12.1768,0.2624,0.2509,0.4846,2.48,0.1686,0.011468
018,migan_npu,NPU,56.9,56.8,0.0,68.0,518.0,23.9378,19.715,0.8348,0.2898,0.1022,2.48,0.1686,0.011468
019,migan_npu,NPU,56.9,56.8,0.0,68.0,518.0,29.8044,24.328,0.8615,0.1973,0.0893,2.48,0.1686,0.011468
020,migan_npu,NPU,56.9,56.8,0.0,68.0,518.0,22.7352,25.925,0.4703,0.2132,0.1104,2.48,0.1686,0.011468
021,migan_npu,NPU,56.9,56.8,0.0,68.0,518.0,21.9022,18.3842,0.3881,0.2496,0.162,2.48,0.1686,0.011468
022,migan_npu,NPU,56.9,56.8,0.0,68.0,518.0,14.2006,22.0118,0.4624,0.3005,0.1458,2.48,0.1686,0.011468
023,migan_npu,NPU,56.9,56.8,0.0,68.0,518.0,32.5275,23.6346,0.9287,0.1106,0.1,2.48,0.1686,0.011468
024,migan_npu,NPU,56.9,56.8,0.0,68.0,518.0,20.4237,20.8553,0.6307,0.1939,0.1257,2.48,0.1686,0.011468
025,migan_npu,NPU,56.9,56.8,0.0,68.0,518.0,19.7287,19.5959,0.2045,0.282,0.2164,2.48,0.1686,0.011468
026,migan_npu,NPU,56.9,56.8,0.0,68.0,518.0,16.9834,13.4386,0.6172,0.2351,0.2178,2.48,0.1686,0.011468
027,migan_npu,NPU,56.9,56.8,0.0,68.0,518.0,16.1779,11.7351,0.7173,0.3329,0.1609,2.48,0.1686,0.011468
028,migan_npu,NPU,56.9,56.8,0.0,68.0,518.0,19.5451,12.8549,0.7961,0.189,0.2808,2.48,0.1686,0.011468
029,migan_npu,NPU,56.9,56.8,0.0,68.0,518.0,19.5665,15.7622,0.6592,0.3172,0.1884,2.48,0.1686,0.011468
030,migan_npu,NPU,56.9,56.8,0.0,68.0,518.0,15.6301,12.4728,0.4358,0.3427,0.3588,2.48,0.1686,0.011468
031,migan_npu,NPU,56.9,56.8,0.0,68.0,518.0,28.3906,16.9978,0.9449,0.0643,0.2086,2.48,0.1686,0.011468
032,migan_npu,NPU,56.9,56.8,0.0,68.0,518.0,21.2033,14.0143,0.878,0.1614,0.1171,2.48,0.1686,0.011468
033,migan_npu,NPU,56.9,56.8,0.0,68.0,518.0,15.8763,10.0961,0.7622,0.209,0.2787,2.48,0.1686,0.011468
034,migan_npu,NPU,56.9,56.8,0.0,68.0,518.0,21.2936,13.4972,0.8389,0.1659,0.3243,2.48,0.1686,0.011468
035,migan_npu,NPU,56.9,56.8,0.0,68.0,518.0,25.3066,20.6042,0.837,0.272,0.1382,2.48,0.1686,0.011468
036,migan_npu,NPU,56.9,56.8,0.0,68.0,518.0,18.4055,14.0299,0.1958,0.3127,0.2697,2.48,0.1686,0.011468
037,migan_npu,NPU,56.9,56.8,0.0,68.0,518.0,31.4548,23.523,0.9226,0.1255,0.1191,2.48,0.1686,0.011468
038,migan_npu,NPU,56.9,56.8,0.0,68.0,518.0,21.0016,11.5102,0.8726,0.1094,0.2038,2.48,0.1686,0.011468
039,migan_npu,NPU,56.9,56.8,0.0,68.0,518.0,25.7328,13.9135,0.9081,0.1305,0.1877,2.48,0.1686,0.011468
040,migan_npu,NPU,56.9,56.8,0.0,68.0,518.0,20.5985,13.0733,0.4341,0.1918,0.3608,2.48,0.1686,0.011468
041,migan_npu,NPU,56.9,56.8,0.0,68.0,518.0,23.8483,18.6276,0.7666,0.2058,0.1868,2.48,0.1686,0.011468
042,migan_npu,NPU,56.9,56.8,0.0,68.0,518.0,20.5871,13.6199,0.815,0.1572,0.3251,2.48,0.1686,0.011468
043,migan_npu,NPU,56.9,56.8,0.0,68.0,518.0,26.7101,21.7707,0.8074,0.2331,0.1446,2.48,0.1686,0.011468
044,migan_npu,NPU,56.9,56.8,0.0,68.0,518.0,21.8891,15.8697,0.8115,0.1982,0.1792,2.48,0.1686,0.011468
045,migan_npu,NPU,56.9,56.8,0.0,68.0,518.0,19.7195,17.0879,0.5845,0.3658,0.1477,2.48,0.1686,0.011468
046,migan_npu,NPU,56.9,56.8,0.0,68.0,518.0,23.5014,20.1089,0.7636,0.2519,0.1252,2.48,0.1686,0.011468
047,migan_npu,NPU,56.9,56.8,0.0,68.0,518.0,37.031,26.6169,0.9708,0.1156,0.0727,2.48,0.1686,0.011468
048,migan_npu,NPU,56.9,56.8,0.0,68.0,518.0,26.0037,21.1289,0.7831,0.2799,0.0833,2.48,0.1686,0.011468
049,migan_npu,NPU,56.9,56.8,0.0,68.0,518.0,27.2417,18.6697,0.9201,0.1182,0.1408,2.48,0.1686,0.011468
050,migan_npu,NPU,56.9,56.8,0.0,68.0,518.0,32.932,19.2708,0.9665,0.0472,0.2156,2.48,0.1686,0.011468
051,migan_npu,NPU,56.9,56.8,0.0,68.0,518.0,30.0314,19.3098,0.9476,0.0655,0.1409,2.48,0.1686,0.011468
052,migan_npu,NPU,56.9,56.8,0.0,68.0,518.0,28.2509,18.7223,0.9311,0.103,0.1656,2.48,0.1686,0.011468
053,migan_npu,NPU,56.9,56.8,0.0,68.0,518.0,30.4108,17.9285,0.9573,0.0623,0.1892,2.48,0.1686,0.011468
054,migan_npu,NPU,56.9,56.8,0.0,68.0,518.0,27.124,17.0826,0.9258,0.0861,0.2986,2.48,0.1686,0.011468
055,migan_npu,NPU,56.9,56.8,0.0,68.0,518.0,29.3509,18.3017,0.9547,0.0958,0.1022,2.48,0.1686,0.011468
056,migan_npu,NPU,56.9,56.8,0.0,68.0,518.0,30.7317,25.5458,0.8729,0.2056,0.1059,2.48,0.1686,0.011468
057,migan_npu,NPU,56.9,56.8,0.0,68.0,518.0,16.4857,8.8077,0.8263,0.1549,0.1811,2.48,0.1686,0.011468
058,migan_npu,NPU,56.9,56.8,0.0,68.0,518.0,28.2623,15.2607,0.9511,0.0602,0.2895,2.48,0.1686,0.011468
059,migan_npu,NPU,56.9,56.8,0.0,68.0,518.0,32.9564,23.9093,0.9414,0.0812,0.1071,2.48,0.1686,0.011468
060,migan_npu,NPU,56.9,56.8,0.0,68.0,518.0,27.8443,18.7035,0.9205,0.1006,0.2271,2.48,0.1686,0.011468
061,migan_npu,NPU,56.9,56.8,0.0,68.0,518.0,13.732,9.881,0.5753,0.4663,0.3456,2.48,0.1686,0.011468
062,migan_npu,NPU,56.9,56.8,0.0,68.0,518.0,13.4005,9.8022,0.2999,0.4695,0.4664,2.48,0.1686,0.011468
063,migan_npu,NPU,56.9,56.8,0.0,68.0,518.0,16.8439,12.4633,0.4185,0.4307,0.1786,2.48,0.1686,0.011468
064,migan_npu,NPU,56.9,56.8,0.0,68.0,518.0,21.3136,15.0002,0.6812,0.3059,0.2967,2.48,0.1686,0.011468
065,migan_npu,NPU,56.9,56.8,0.0,68.0,518.0,19.7179,10.2013,0.6578,0.2757,0.2952,2.48,0.1686,0.011468
066,migan_npu,NPU,56.9,56.8,0.0,68.0,518.0,20.0096,9.1391,0.4228,0.319,0.3301,2.48,0.1686,0.011468
067,migan_npu,NPU,56.9,56.8,0.0,68.0,518.0,28.0201,21.3027,0.6726,0.3011,0.2456,2.48,0.1686,0.011468
068,migan_npu,NPU,56.9,56.8,0.0,68.0,518.0,25.3956,19.6885,0.8359,0.2678,0.1543,2.48,0.1686,0.011468
069,migan_npu,NPU,56.9,56.8,0.0,68.0,518.0,20.7341,14.7356,0.7872,0.2513,0.2303,2.48,0.1686,0.011468
070,migan_npu,NPU,56.9,56.8,0.0,68.0,518.0,28.0787,16.8902,0.5986,0.4202,0.3348,2.48,0.1686,0.011468
071,migan_npu,NPU,56.9,56.8,0.0,68.0,518.0,22.3242,14.4049,0.8257,0.3413,0.1109,2.48,0.1686,0.011468
072,migan_npu,NPU,56.9,56.8,0.0,68.0,518.0,17.4589,10.9439,0.4702,0.5188,0.2234,2.48,0.1686,0.011468
073,migan_npu,NPU,56.9,56.8,0.0,68.0,518.0,12.0544,6.9716,0.6655,0.4259,0.2347,2.48,0.1686,0.011468
074,migan_npu,NPU,56.9,56.8,0.0,68.0,518.0,25.2827,22.5225,0.8611,0.3198,0.1125,2.48,0.1686,0.011468
075,migan_npu,NPU,56.9,56.8,0.0,68.0,518.0,16.3332,13.6411,0.5142,0.4617,0.2462,2.48,0.1686,0.011468
076,migan_npu,NPU,56.9,56.8,0.0,68.0,518.0,9.2843,6.0217,0.4454,0.5104,0.2605,2.48,0.1686,0.011468
077,migan_npu,NPU,56.9,56.8,0.0,68.0,518.0,12.3712,10.1008,0.173,0.5336,0.3477,2.48,0.1686,0.011468
078,migan_npu,NPU,56.9,56.8,0.0,68.0,518.0,15.6274,12.2111,0.622,0.4497,0.2,2.48,0.1686,0.011468
079,migan_npu,NPU,56.9,56.8,0.0,68.0,518.0,16.1372,15.0479,0.4434,0.5605,0.1486,2.48,0.1686,0.011468
080,migan_npu,NPU,56.9,56.8,0.0,68.0,518.0,9.6972,8.1234,0.3078,0.573,0.27,2.48,0.1686,0.011468
081,migan_npu,NPU,56.9,56.8,0.0,68.0,518.0,19.1573,14.4241,0.7201,0.3243,0.175,2.48,0.1686,0.011468
082,migan_npu,NPU,56.9,56.8,0.0,68.0,518.0,16.4531,13.7776,0.7177,0.4922,0.1145,2.48,0.1686,0.011468
083,migan_npu,NPU,56.9,56.8,0.0,68.0,518.0,19.0202,13.7233,0.4945,0.4743,0.267,2.48,0.1686,0.011468
084,migan_npu,NPU,56.9,56.8,0.0,68.0,518.0,27.3913,15.8068,0.5821,0.431,0.2774,2.48,0.1686,0.011468
085,migan_npu,NPU,56.9,56.8,0.0,68.0,518.0,17.4097,16.4972,0.5666,0.4801,0.1357,2.48,0.1686,0.011468
086,migan_npu,NPU,56.9,56.8,0.0,68.0,518.0,20.4548,15.3848,0.7687,0.2912,0.2152,2.48,0.1686,0.011468
087,migan_npu,NPU,56.9,56.8,0.0,68.0,518.0,22.4425,12.4613,0.8554,0.1361,0.312,2.48,0.1686,0.011468
088,migan_npu,NPU,56.9,56.8,0.0,68.0,518.0,22.0692,16.3986,0.5586,0.3383,0.2137,2.48,0.1686,0.011468
089,migan_npu,NPU,56.9,56.8,0.0,68.0,518.0,21.8153,26.1246,0.491,0.3188,0.0987,2.48,0.1686,0.011468
090,migan_npu,NPU,56.9,56.8,0.0,68.0,518.0,16.3054,13.2567,0.3705,0.2622,0.5267,2.48,0.1686,0.011468
091,migan_npu,NPU,56.9,56.8,0.0,68.0,518.0,13.6373,12.4327,0.1362,0.3831,0.4083,2.48,0.1686,0.011468
092,migan_npu,NPU,56.9,56.8,0.0,68.0,518.0,21.5792,16.509,0.6097,0.2996,0.2086,2.48,0.1686,0.011468
093,migan_npu,NPU,56.9,56.8,0.0,68.0,518.0,22.713,18.0011,0.6116,0.2831,0.2362,2.48,0.1686,0.011468
094,migan_npu,NPU,56.9,56.8,0.0,68.0,518.0,28.6208,24.5944,0.8544,0.1684,0.0632,2.48,0.1686,0.011468
095,migan_npu,NPU,56.9,56.8,0.0,68.0,518.0,23.5354,18.0441,0.696,0.2431,0.174,2.48,0.1686,0.011468
096,migan_npu,NPU,56.9,56.8,0.0,68.0,518.0,20.8375,18.3969,0.8148,0.1929,0.1757,2.48,0.1686,0.011468
097,migan_npu,NPU,56.9,56.8,0.0,68.0,518.0,25.1312,18.6745,0.8015,0.1437,0.1448,2.48,0.1686,0.011468
098,migan_npu,NPU,56.9,56.8,0.0,68.0,518.0,29.6925,21.4408,0.9101,0.0935,0.2209,2.48,0.1686,0.011468
099,migan_npu,NPU,56.9,56.8,0.0,68.0,518.0,32.5445,23.8727,0.9165,0.1303,0.1519,2.48,0.1686,0.011468
100,migan_npu,NPU,56.9,56.8,0.0,68.0,518.0,21.8504,15.0313,0.6992,0.1489,0.2135,2.48,0.1686,0.011468
101,migan_npu,NPU,56.9,56.8,0.0,68.0,518.0,21.423,19.297,0.6967,0.1754,0.1661,2.48,0.1686,0.011468
102,migan_npu,NPU,56.9,56.8,0.0,68.0,518.0,30.3763,20.3371,0.9156,0.0883,0.1055,2.48,0.1686,0.011468
001,lama_npu,NPU,56.0,59.5,3.5,189.0,639.0,31.5909,21.0059,0.9482,0.0812,0.1147,2.85,0.5387,0.101805
002,lama_npu,NPU,56.0,59.5,3.5,189.0,639.0,18.2276,27.5843,0.509,0.1931,0.0596,2.85,0.5387,0.101805
003,lama_npu,NPU,56.0,59.5,3.5,189.0,639.0,31.9911,32.5963,0.9235,0.0976,0.044,2.85,0.5387,0.101805
004,lama_npu,NPU,56.0,59.5,3.5,189.0,639.0,20.207,13.4117,0.5986,0.1911,0.1942,2.85,0.5387,0.101805
005,lama_npu,NPU,56.0,59.5,3.5,189.0,639.0,24.1243,15.4131,0.8377,0.1476,0.25,2.85,0.5387,0.101805
006,lama_npu,NPU,56.0,59.5,3.5,189.0,639.0,24.9326,17.9505,0.9422,0.1541,0.0835,2.85,0.5387,0.101805
007,lama_npu,NPU,56.0,59.5,3.5,189.0,639.0,32.1789,24.4411,0.9592,0.1103,0.0998,2.85,0.5387,0.101805
008,lama_npu,NPU,56.0,59.5,3.5,189.0,639.0,26.119,18.5947,0.9105,0.1744,0.111,2.85,0.5387,0.101805
009,lama_npu,NPU,56.0,59.5,3.5,189.0,639.0,29.1442,20.0401,0.959,0.0821,0.1785,2.85,0.5387,0.101805
010,lama_npu,NPU,56.0,59.5,3.5,189.0,639.0,29.7404,21.2077,0.9329,0.1236,0.1058,2.85,0.5387,0.101805
011,lama_npu,NPU,56.0,59.5,3.5,189.0,639.0,34.1326,25.0198,0.9722,0.1013,0.0565,2.85,0.5387,0.101805
012,lama_npu,NPU,56.0,59.5,3.5,189.0,639.0,33.1429,25.8056,0.9148,0.1193,0.1568,2.85,0.5387,0.101805
013,lama_npu,NPU,56.0,59.5,3.5,189.0,639.0,25.6753,18.4595,0.8331,0.1182,0.2478,2.85,0.5387,0.101805
014,lama_npu,NPU,56.0,59.5,3.5,189.0,639.0,20.4948,22.8978,0.6682,0.2119,0.1201,2.85,0.5387,0.101805
015,lama_npu,NPU,56.0,59.5,3.5,189.0,639.0,37.5363,32.5809,0.9672,0.1011,0.0701,2.85,0.5387,0.101805
016,lama_npu,NPU,56.0,59.5,3.5,189.0,639.0,20.741,21.0348,0.5977,0.1732,0.1333,2.85,0.5387,0.101805
017,lama_npu,NPU,56.0,59.5,3.5,189.0,639.0,14.9757,13.2384,0.2688,0.2763,0.3754,2.85,0.5387,0.101805
018,lama_npu,NPU,56.0,59.5,3.5,189.0,639.0,26.086,22.0774,0.9182,0.264,0.0976,2.85,0.5387,0.101805
019,lama_npu,NPU,56.0,59.5,3.5,189.0,639.0,33.6322,28.4631,0.947,0.1719,0.0835,2.85,0.5387,0.101805
020,lama_npu,NPU,56.0,59.5,3.5,189.0,639.0,22.7081,25.3323,0.4833,0.2152,0.0874,2.85,0.5387,0.101805
021,lama_npu,NPU,56.0,59.5,3.5,189.0,639.0,22.0814,19.1644,0.4057,0.2402,0.1409,2.85,0.5387,0.101805
022,lama_npu,NPU,56.0,59.5,3.5,189.0,639.0,14.1978,21.3084,0.4643,0.2998,0.1234,2.85,0.5387,0.101805
023,lama_npu,NPU,56.0,59.5,3.5,189.0,639.0,32.0108,22.7162,0.9478,0.1044,0.0889,2.85,0.5387,0.101805
024,lama_npu,NPU,56.0,59.5,3.5,189.0,639.0,20.4955,22.0076,0.6382,0.1931,0.1119,2.85,0.5387,0.101805
025,lama_npu,NPU,56.0,59.5,3.5,189.0,639.0,19.9042,21.5113,0.2188,0.2862,0.1837,2.85,0.5387,0.101805
026,lama_npu,NPU,56.0,59.5,3.5,189.0,639.0,16.9228,13.1584,0.6176,0.2339,0.1969,2.85,0.5387,0.101805
027,lama_npu,NPU,56.0,59.5,3.5,189.0,639.0,23.2449,18.9811,0.8551,0.2975,0.1499,2.85,0.5387,0.101805
028,lama_npu,NPU,56.0,59.5,3.5,189.0,639.0,22.1104,15.6343,0.8339,0.1988,0.2539,2.85,0.5387,0.101805
029,lama_npu,NPU,56.0,59.5,3.5,189.0,639.0,22.503,18.7697,0.7566,0.302,0.1732,2.85,0.5387,0.101805
030,lama_npu,NPU,56.0,59.5,3.5,189.0,639.0,15.7819,13.6592,0.4363,0.3449,0.3163,2.85,0.5387,0.101805
031,lama_npu,NPU,56.0,59.5,3.5,189.0,639.0,28.3738,16.9773,0.9484,0.0646,0.199,2.85,0.5387,0.101805
032,lama_npu,NPU,56.0,59.5,3.5,189.0,639.0,22.6833,15.7945,0.9168,0.1452,0.1251,2.85,0.5387,0.101805
033,lama_npu,NPU,56.0,59.5,3.5,189.0,639.0,15.7738,9.9917,0.7898,0.2103,0.2579,2.85,0.5387,0.101805
034,lama_npu,NPU,56.0,59.5,3.5,189.0,639.0,21.6041,13.9556,0.8539,0.1623,0.2984,2.85,0.5387,0.101805
035,lama_npu,NPU,56.0,59.5,3.5,189.0,639.0,25.7857,21.1407,0.9209,0.2279,0.1305,2.85,0.5387,0.101805
036,lama_npu,NPU,56.0,59.5,3.5,189.0,639.0,19.2718,16.6614,0.2141,0.3121,0.2454,2.85,0.5387,0.101805
037,lama_npu,NPU,56.0,59.5,3.5,189.0,639.0,31.5786,23.7134,0.9453,0.1271,0.1056,2.85,0.5387,0.101805
038,lama_npu,NPU,56.0,59.5,3.5,189.0,639.0,21.1758,11.7131,0.8863,0.1103,0.176,2.85,0.5387,0.101805
039,lama_npu,NPU,56.0,59.5,3.5,189.0,639.0,29.0137,18.9664,0.9187,0.1274,0.1667,2.85,0.5387,0.101805
040,lama_npu,NPU,56.0,59.5,3.5,189.0,639.0,20.3863,11.7522,0.4358,0.1901,0.2995,2.85,0.5387,0.101805
041,lama_npu,NPU,56.0,59.5,3.5,189.0,639.0,25.2509,20.0836,0.8228,0.1956,0.1661,2.85,0.5387,0.101805
042,lama_npu,NPU,56.0,59.5,3.5,189.0,639.0,19.9994,12.9965,0.8215,0.18,0.2871,2.85,0.5387,0.101805
043,lama_npu,NPU,56.0,59.5,3.5,189.0,639.0,27.7172,22.8497,0.895,0.2079,0.1413,2.85,0.5387,0.101805
044,lama_npu,NPU,56.0,59.5,3.5,189.0,639.0,23.2028,17.5264,0.8531,0.1989,0.1652,2.85,0.5387,0.101805
045,lama_npu,NPU,56.0,59.5,3.5,189.0,639.0,17.1041,13.8855,0.7021,0.3588,0.1309,2.85,0.5387,0.101805
046,lama_npu,NPU,56.0,59.5,3.5,189.0,639.0,23.2815,19.7577,0.8306,0.2387,0.1171,2.85,0.5387,0.101805
047,lama_npu,NPU,56.0,59.5,3.5,189.0,639.0,36.0353,25.0101,0.9788,0.1138,0.0688,2.85,0.5387,0.101805
048,lama_npu,NPU,56.0,59.5,3.5,189.0,639.0,29.9151,25.7479,0.864,0.2555,0.0782,2.85,0.5387,0.101805
049,lama_npu,NPU,56.0,59.5,3.5,189.0,639.0,29.771,21.6191,0.9446,0.1019,0.1365,2.85,0.5387,0.101805
050,lama_npu,NPU,56.0,59.5,3.5,189.0,639.0,33.7597,20.7835,0.9692,0.0457,0.1946,2.85,0.5387,0.101805
051,lama_npu,NPU,56.0,59.5,3.5,189.0,639.0,30.7035,21.0638,0.9585,0.0608,0.1396,2.85,0.5387,0.101805
052,lama_npu,NPU,56.0,59.5,3.5,189.0,639.0,28.4206,18.9248,0.9457,0.0968,0.1551,2.85,0.5387,0.101805
053,lama_npu,NPU,56.0,59.5,3.5,189.0,639.0,30.8162,18.5853,0.964,0.0585,0.1735,2.85,0.5387,0.101805
054,lama_npu,NPU,56.0,59.5,3.5,189.0,639.0,27.6141,17.8834,0.9269,0.0849,0.2633,2.85,0.5387,0.101805
055,lama_npu,NPU,56.0,59.5,3.5,189.0,639.0,30.516,20.5878,0.9643,0.0892,0.0986,2.85,0.5387,0.101805
056,lama_npu,NPU,56.0,59.5,3.5,189.0,639.0,29.8872,24.4648,0.9256,0.1812,0.0929,2.85,0.5387,0.101805
057,lama_npu,NPU,56.0,59.5,3.5,189.0,639.0,16.9034,9.2411,0.8656,0.1553,0.171,2.85,0.5387,0.101805
058,lama_npu,NPU,56.0,59.5,3.5,189.0,639.0,29.2394,16.5608,0.9525,0.06,0.2671,2.85,0.5387,0.101805
059,lama_npu,NPU,56.0,59.5,3.5,189.0,639.0,34.1225,27.1912,0.954,0.0722,0.0837,2.85,0.5387,0.101805
060,lama_npu,NPU,56.0,59.5,3.5,189.0,639.0,28.2653,19.2665,0.9397,0.0937,0.2266,2.85,0.5387,0.101805
061,lama_npu,NPU,56.0,59.5,3.5,189.0,639.0,14.7737,13.9057,0.6289,0.4547,0.2873,2.85,0.5387,0.101805
062,lama_npu,NPU,56.0,59.5,3.5,189.0,639.0,13.5684,10.3918,0.3151,0.4587,0.4047,2.85,0.5387,0.101805
063,lama_npu,NPU,56.0,59.5,3.5,189.0,639.0,16.0068,10.6343,0.4436,0.4203,0.1658,2.85,0.5387,0.101805
064,lama_npu,NPU,56.0,59.5,3.5,189.0,639.0,21.1876,13.8964,0.6858,0.3017,0.2536,2.85,0.5387,0.101805
065,lama_npu,NPU,56.0,59.5,3.5,189.0,639.0,19.6444,9.4346,0.6595,0.2734,0.2173,2.85,0.5387,0.101805
066,lama_npu,NPU,56.0,59.5,3.5,189.0,639.0,20.0696,9.928,0.4231,0.3189,0.2707,2.85,0.5387,0.101805
067,lama_npu,NPU,56.0,59.5,3.5,189.0,639.0,28.046,21.6954,0.6746,0.3015,0.2064,2.85,0.5387,0.101805
068,lama_npu,NPU,56.0,59.5,3.5,189.0,639.0,25.4576,22.4125,0.8372,0.2667,0.1261,2.85,0.5387,0.101805
069,lama_npu,NPU,56.0,59.5,3.5,189.0,639.0,19.7389,13.4643,0.8324,0.2385,0.2022,2.85,0.5387,0.101805
070,lama_npu,NPU,56.0,59.5,3.5,189.0,639.0,28.0626,16.8,0.6001,0.4197,0.2818,2.85,0.5387,0.101805
071,lama_npu,NPU,56.0,59.5,3.5,189.0,639.0,21.6177,12.1333,0.8296,0.3376,0.1117,2.85,0.5387,0.101805
072,lama_npu,NPU,56.0,59.5,3.5,189.0,639.0,17.4565,10.8751,0.4708,0.518,0.2131,2.85,0.5387,0.101805
073,lama_npu,NPU,56.0,59.5,3.5,189.0,639.0,12.7315,8.454,0.708,0.4186,0.2147,2.85,0.5387,0.101805
074,lama_npu,NPU,56.0,59.5,3.5,189.0,639.0,25.4925,23.324,0.9101,0.2972,0.1004,2.85,0.5387,0.101805
075,lama_npu,NPU,56.0,59.5,3.5,189.0,639.0,16.5279,14.2125,0.5392,0.4545,0.2516,2.85,0.5387,0.101805
076,lama_npu,NPU,56.0,59.5,3.5,189.0,639.0,9.4298,6.294,0.4847,0.493,0.2328,2.85,0.5387,0.101805
077,lama_npu,NPU,56.0,59.5,3.5,189.0,639.0,13.012,11.2299,0.2083,0.5318,0.3166,2.85,0.5387,0.101805
078,lama_npu,NPU,56.0,59.5,3.5,189.0,639.0,16.7634,15.5473,0.6871,0.4251,0.1901,2.85,0.5387,0.101805
079,lama_npu,NPU,56.0,59.5,3.5,189.0,639.0,16.8196,17.8162,0.5127,0.5265,0.1268,2.85,0.5387,0.101805
080,lama_npu,NPU,56.0,59.5,3.5,189.0,639.0,10.3384,9.0556,0.4509,0.5447,0.2471,2.85,0.5387,0.101805
081,lama_npu,NPU,56.0,59.5,3.5,189.0,639.0,20.1015,16.0406,0.7992,0.3,0.1833,2.85,0.5387,0.101805
082,lama_npu,NPU,56.0,59.5,3.5,189.0,639.0,17.9717,16.922,0.8265,0.4533,0.1015,2.85,0.5387,0.101805
083,lama_npu,NPU,56.0,59.5,3.5,189.0,639.0,18.9565,12.3888,0.4952,0.4746,0.2348,2.85,0.5387,0.101805
084,lama_npu,NPU,56.0,59.5,3.5,189.0,639.0,27.2823,15.3065,0.5846,0.4301,0.2153,2.85,0.5387,0.101805
085,lama_npu,NPU,56.0,59.5,3.5,189.0,639.0,18.0777,20.1995,0.6251,0.4513,0.123,2.85,0.5387,0.101805
086,lama_npu,NPU,56.0,59.5,3.5,189.0,639.0,21.8296,17.5193,0.8393,0.2712,0.1962,2.85,0.5387,0.101805
087,lama_npu,NPU,56.0,59.5,3.5,189.0,639.0,22.6958,12.8286,0.8553,0.1417,0.3033,2.85,0.5387,0.101805
088,lama_npu,NPU,56.0,59.5,3.5,189.0,639.0,22.3659,17.2583,0.5615,0.3459,0.1899,2.85,0.5387,0.101805
089,lama_npu,NPU,56.0,59.5,3.5,189.0,639.0,21.8079,25.0332,0.4914,0.3197,0.0971,2.85,0.5387,0.101805
090,lama_npu,NPU,56.0,59.5,3.5,189.0,639.0,15.3325,9.8332,0.3548,0.2853,0.4876,2.85,0.5387,0.101805
091,lama_npu,NPU,56.0,59.5,3.5,189.0,639.0,12.9785,10.7922,0.1366,0.4236,0.3774,2.85,0.5387,0.101805
092,lama_npu,NPU,56.0,59.5,3.5,189.0,639.0,21.1784,15.9524,0.6129,0.314,0.192,2.85,0.5387,0.101805
093,lama_npu,NPU,56.0,59.5,3.5,189.0,639.0,23.1141,18.6156,0.6164,0.3015,0.223,2.85,0.5387,0.101805
094,lama_npu,NPU,56.0,59.5,3.5,189.0,639.0,28.6661,25.2807,0.8588,0.1707,0.081,2.85,0.5387,0.101805
095,lama_npu,NPU,56.0,59.5,3.5,189.0,639.0,23.1621,17.2697,0.702,0.2602,0.1582,2.85,0.5387,0.101805
096,lama_npu,NPU,56.0,59.5,3.5,189.0,639.0,20.6226,17.2249,0.8284,0.1912,0.1732,2.85,0.5387,0.101805
097,lama_npu,NPU,56.0,59.5,3.5,189.0,639.0,25.1482,18.7159,0.8177,0.1399,0.1377,2.85,0.5387,0.101805
098,lama_npu,NPU,56.0,59.5,3.5,189.0,639.0,29.501,21.097,0.9176,0.0948,0.2072,2.85,0.5387,0.101805
099,lama_npu,NPU,56.0,59.5,3.5,189.0,639.0,31.6524,22.8499,0.9292,0.1239,0.131,2.85,0.5387,0.101805
100,lama_npu,NPU,56.0,59.5,3.5,189.0,639.0,22.6358,17.1808,0.7105,0.1553,0.1913,2.85,0.5387,0.101805
101,lama_npu,NPU,56.0,59.5,3.5,189.0,639.0,21.5076,20.1595,0.7079,0.1695,0.1516,2.85,0.5387,0.101805
102,lama_npu,NPU,56.0,59.5,3.5,189.0,639.0,30.4352,20.4598,0.9243,0.0853,0.0949,2.85,0.5387,0.101805
001,aotgan_npu,NPU,56.0,59.5,3.5,237.0,687.0,31.7565,21.1876,0.9458,0.0771,0.124,2.85,0.6754,0.160082
002,aotgan_npu,NPU,56.0,59.5,3.5,237.0,687.0,18.076,18.7349,0.4991,0.2031,0.0819,2.85,0.6754,0.160082
003,aotgan_npu,NPU,56.0,59.5,3.5,237.0,687.0,31.8086,28.643,0.9225,0.0932,0.0258,2.85,0.6754,0.160082
004,aotgan_npu,NPU,56.0,59.5,3.5,237.0,687.0,21.2107,16.1782,0.6021,0.189,0.1843,2.85,0.6754,0.160082
005,aotgan_npu,NPU,56.0,59.5,3.5,237.0,687.0,23.8504,15.0104,0.8398,0.1467,0.2594,2.85,0.6754,0.160082
006,aotgan_npu,NPU,56.0,59.5,3.5,237.0,687.0,23.8379,16.5006,0.9327,0.1633,0.0903,2.85,0.6754,0.160082
007,aotgan_npu,NPU,56.0,59.5,3.5,237.0,687.0,31.3329,23.2826,0.959,0.114,0.0972,2.85,0.6754,0.160082
008,aotgan_npu,NPU,56.0,59.5,3.5,237.0,687.0,27.5296,20.1543,0.9062,0.1707,0.1207,2.85,0.6754,0.160082
009,aotgan_npu,NPU,56.0,59.5,3.5,237.0,687.0,27.0835,17.2883,0.9516,0.0869,0.1805,2.85,0.6754,0.160082
010,aotgan_npu,NPU,56.0,59.5,3.5,237.0,687.0,28.9913,20.2818,0.922,0.1267,0.1132,2.85,0.6754,0.160082
011,aotgan_npu,NPU,56.0,59.5,3.5,237.0,687.0,34.8212,25.905,0.9717,0.095,0.0536,2.85,0.6754,0.160082
012,aotgan_npu,NPU,56.0,59.5,3.5,237.0,687.0,31.8285,23.9608,0.9096,0.1177,0.1673,2.85,0.6754,0.160082
013,aotgan_npu,NPU,56.0,59.5,3.5,237.0,687.0,25.7078,18.5146,0.8397,0.1122,0.2627,2.85,0.6754,0.160082
014,aotgan_npu,NPU,56.0,59.5,3.5,237.0,687.0,20.4977,23.0566,0.669,0.2099,0.1123,2.85,0.6754,0.160082
015,aotgan_npu,NPU,56.0,59.5,3.5,237.0,687.0,30.5374,19.147,0.9623,0.105,0.0709,2.85,0.6754,0.160082
016,aotgan_npu,NPU,56.0,59.5,3.5,237.0,687.0,20.5989,18.5006,0.5914,0.1837,0.1548,2.85,0.6754,0.160082
017,aotgan_npu,NPU,56.0,59.5,3.5,237.0,687.0,14.3328,11.2818,0.2579,0.282,0.4575,2.85,0.6754,0.160082
018,aotgan_npu,NPU,56.0,59.5,3.5,237.0,687.0,19.0825,14.6452,0.8615,0.278,0.1004,2.85,0.6754,0.160082
019,aotgan_npu,NPU,56.0,59.5,3.5,237.0,687.0,26.3009,20.7098,0.9057,0.1752,0.0939,2.85,0.6754,0.160082
020,aotgan_npu,NPU,56.0,59.5,3.5,237.0,687.0,22.5691,23.106,0.4804,0.2221,0.1051,2.85,0.6754,0.160082
021,aotgan_npu,NPU,56.0,59.5,3.5,237.0,687.0,22.2808,20.1855,0.4028,0.2577,0.1608,2.85,0.6754,0.160082
022,aotgan_npu,NPU,56.0,59.5,3.5,237.0,687.0,14.1567,16.2979,0.4571,0.3053,0.1537,2.85,0.6754,0.160082
023,aotgan_npu,NPU,56.0,59.5,3.5,237.0,687.0,29.5994,19.172,0.9401,0.1145,0.0989,2.85,0.6754,0.160082
024,aotgan_npu,NPU,56.0,59.5,3.5,237.0,687.0,20.3891,20.3885,0.6341,0.2047,0.1196,2.85,0.6754,0.160082
025,aotgan_npu,NPU,56.0,59.5,3.5,237.0,687.0,19.5922,18.4983,0.2159,0.29,0.2021,2.85,0.6754,0.160082
026,aotgan_npu,NPU,56.0,59.5,3.5,237.0,687.0,17.1786,14.4523,0.6194,0.2357,0.2047,2.85,0.6754,0.160082
027,aotgan_npu,NPU,56.0,59.5,3.5,237.0,687.0,19.3832,14.9875,0.8184,0.2934,0.1579,2.85,0.6754,0.160082
028,aotgan_npu,NPU,56.0,59.5,3.5,237.0,687.0,22.1038,15.627,0.8321,0.1833,0.2732,2.85,0.6754,0.160082
029,aotgan_npu,NPU,56.0,59.5,3.5,237.0,687.0,16.4629,12.6216,0.7326,0.3063,0.1901,2.85,0.6754,0.160082
030,aotgan_npu,NPU,56.0,59.5,3.5,237.0,687.0,15.692,12.923,0.4371,0.3478,0.363,2.85,0.6754,0.160082
031,aotgan_npu,NPU,56.0,59.5,3.5,237.0,687.0,28.6772,17.3513,0.949,0.0651,0.21,2.85,0.6754,0.160082
032,aotgan_npu,NPU,56.0,59.5,3.5,237.0,687.0,22.9988,16.1917,0.9053,0.1457,0.1141,2.85,0.6754,0.160082
033,aotgan_npu,NPU,56.0,59.5,3.5,237.0,687.0,17.6881,11.9507,0.7801,0.2195,0.2509,2.85,0.6754,0.160082
034,aotgan_npu,NPU,56.0,59.5,3.5,237.0,687.0,22.0027,14.5691,0.8521,0.1597,0.329,2.85,0.6754,0.160082
035,aotgan_npu,NPU,56.0,59.5,3.5,237.0,687.0,24.4658,19.678,0.892,0.2441,0.1368,2.85,0.6754,0.160082
036,aotgan_npu,NPU,56.0,59.5,3.5,237.0,687.0,19.4927,17.5611,0.2208,0.305,0.2381,2.85,0.6754,0.160082
037,aotgan_npu,NPU,56.0,59.5,3.5,237.0,687.0,30.6639,22.3669,0.944,0.1175,0.1093,2.85,0.6754,0.160082
038,aotgan_npu,NPU,56.0,59.5,3.5,237.0,687.0,23.4556,14.5293,0.8838,0.11,0.1825,2.85,0.6754,0.160082
039,aotgan_npu,NPU,56.0,59.5,3.5,237.0,687.0,27.8618,16.946,0.9158,0.1348,0.1784,2.85,0.6754,0.160082
040,aotgan_npu,NPU,56.0,59.5,3.5,237.0,687.0,19.4989,8.2369,0.4329,0.1938,0.3451,2.85,0.6754,0.160082
041,aotgan_npu,NPU,56.0,59.5,3.5,237.0,687.0,24.807,19.6208,0.8125,0.1965,0.1811,2.85,0.6754,0.160082
042,aotgan_npu,NPU,56.0,59.5,3.5,237.0,687.0,20.3843,13.4042,0.8259,0.1775,0.308,2.85,0.6754,0.160082
043,aotgan_npu,NPU,56.0,59.5,3.5,237.0,687.0,26.2442,21.2772,0.8595,0.2144,0.1509,2.85,0.6754,0.160082
044,aotgan_npu,NPU,56.0,59.5,3.5,237.0,687.0,21.1533,14.9909,0.8371,0.1941,0.1779,2.85,0.6754,0.160082
045,aotgan_npu,NPU,56.0,59.5,3.5,237.0,687.0,18.9048,16.0418,0.6812,0.3483,0.1463,2.85,0.6754,0.160082
046,aotgan_npu,NPU,56.0,59.5,3.5,237.0,687.0,22.3754,18.4063,0.816,0.23,0.117,2.85,0.6754,0.160082
047,aotgan_npu,NPU,56.0,59.5,3.5,237.0,687.0,33.2483,21.2845,0.9758,0.1189,0.0682,2.85,0.6754,0.160082
048,aotgan_npu,NPU,56.0,59.5,3.5,237.0,687.0,22.2948,17.1707,0.818,0.2637,0.0802,2.85,0.6754,0.160082
049,aotgan_npu,NPU,56.0,59.5,3.5,237.0,687.0,28.4488,20.0422,0.9424,0.1012,0.1352,2.85,0.6754,0.160082
050,aotgan_npu,NPU,56.0,59.5,3.5,237.0,687.0,31.9446,17.7094,0.9686,0.0495,0.2136,2.85,0.6754,0.160082
051,aotgan_npu,NPU,56.0,59.5,3.5,237.0,687.0,31.4223,23.6877,0.958,0.0599,0.1223,2.85,0.6754,0.160082
052,aotgan_npu,NPU,56.0,59.5,3.5,237.0,687.0,28.2854,18.7633,0.9449,0.0916,0.1614,2.85,0.6754,0.160082
053,aotgan_npu,NPU,56.0,59.5,3.5,237.0,687.0,30.1455,17.5177,0.9612,0.0629,0.1719,2.85,0.6754,0.160082
054,aotgan_npu,NPU,56.0,59.5,3.5,237.0,687.0,26.9639,16.8325,0.9248,0.0914,0.2726,2.85,0.6754,0.160082
055,aotgan_npu,NPU,56.0,59.5,3.5,237.0,687.0,30.9824,21.7185,0.9651,0.0885,0.0883,2.85,0.6754,0.160082
056,aotgan_npu,NPU,56.0,59.5,3.5,237.0,687.0,31.6387,26.7848,0.9266,0.1691,0.0983,2.85,0.6754,0.160082
057,aotgan_npu,NPU,56.0,59.5,3.5,237.0,687.0,18.3646,10.7713,0.8609,0.1585,0.1772,2.85,0.6754,0.160082
058,aotgan_npu,NPU,56.0,59.5,3.5,237.0,687.0,28.7839,15.9428,0.9522,0.0603,0.2805,2.85,0.6754,0.160082
059,aotgan_npu,NPU,56.0,59.5,3.5,237.0,687.0,32.6599,23.268,0.95,0.0761,0.0897,2.85,0.6754,0.160082
060,aotgan_npu,NPU,56.0,59.5,3.5,237.0,687.0,28.6783,19.8383,0.9402,0.0899,0.2217,2.85,0.6754,0.160082
061,aotgan_npu,NPU,56.0,59.5,3.5,237.0,687.0,14.4755,12.4439,0.6094,0.4627,0.344,2.85,0.6754,0.160082
062,aotgan_npu,NPU,56.0,59.5,3.5,237.0,687.0,14.0545,12.5412,0.3147,0.462,0.4477,2.85,0.6754,0.160082
063,aotgan_npu,NPU,56.0,59.5,3.5,237.0,687.0,16.7534,12.2436,0.4478,0.426,0.177,2.85,0.6754,0.160082
064,aotgan_npu,NPU,56.0,59.5,3.5,237.0,687.0,21.0214,12.7366,0.6799,0.3088,0.2686,2.85,0.6754,0.160082
065,aotgan_npu,NPU,56.0,59.5,3.5,237.0,687.0,19.6247,9.2479,0.6594,0.274,0.2052,2.85,0.6754,0.160082
066,aotgan_npu,NPU,56.0,59.5,3.5,237.0,687.0,20.093,10.277,0.4228,0.3191,0.2775,2.85,0.6754,0.160082
067,aotgan_npu,NPU,56.0,59.5,3.5,237.0,687.0,26.6413,13.2203,0.6708,0.3051,0.2471,2.85,0.6754,0.160082
068,aotgan_npu,NPU,56.0,59.5,3.5,237.0,687.0,25.3743,19.038,0.8355,0.268,0.1329,2.85,0.6754,0.160082
069,aotgan_npu,NPU,56.0,59.5,3.5,237.0,687.0,21.5298,15.8206,0.8348,0.2434,0.2224,2.85,0.6754,0.160082
070,aotgan_npu,NPU,56.0,59.5,3.5,237.0,687.0,25.6252,9.6554,0.5972,0.4213,0.4499,2.85,0.6754,0.160082
071,aotgan_npu,NPU,56.0,59.5,3.5,237.0,687.0,22.302,14.3194,0.829,0.3386,0.1074,2.85,0.6754,0.160082
072,aotgan_npu,NPU,56.0,59.5,3.5,237.0,687.0,17.4577,10.909,0.4698,0.5202,0.2468,2.85,0.6754,0.160082
073,aotgan_npu,NPU,56.0,59.5,3.5,237.0,687.0,12.6688,8.3044,0.6942,0.4213,0.2332,2.85,0.6754,0.160082
074,aotgan_npu,NPU,56.0,59.5,3.5,237.0,687.0,25.4941,23.3305,0.8993,0.2987,0.1151,2.85,0.6754,0.160082
075,aotgan_npu,NPU,56.0,59.5,3.5,237.0,687.0,16.2276,13.3503,0.5274,0.4504,0.2689,2.85,0.6754,0.160082
076,aotgan_npu,NPU,56.0,59.5,3.5,237.0,687.0,10.3322,8.2081,0.4869,0.4919,0.2759,2.85,0.6754,0.160082
077,aotgan_npu,NPU,56.0,59.5,3.5,237.0,687.0,13.6749,12.563,0.2076,0.5154,0.3521,2.85,0.6754,0.160082
078,aotgan_npu,NPU,56.0,59.5,3.5,237.0,687.0,16.5959,14.9327,0.6639,0.431,0.2307,2.85,0.6754,0.160082
079,aotgan_npu,NPU,56.0,59.5,3.5,237.0,687.0,16.5252,16.4566,0.4831,0.5542,0.1557,2.85,0.6754,0.160082
080,aotgan_npu,NPU,56.0,59.5,3.5,237.0,687.0,10.7931,9.7593,0.3939,0.5362,0.2799,2.85,0.6754,0.160082
081,aotgan_npu,NPU,56.0,59.5,3.5,237.0,687.0,20.5596,16.934,0.7696,0.3146,0.1868,2.85,0.6754,0.160082
082,aotgan_npu,NPU,56.0,59.5,3.5,237.0,687.0,17.0881,14.9552,0.7781,0.4628,0.1221,2.85,0.6754,0.160082
083,aotgan_npu,NPU,56.0,59.5,3.5,237.0,687.0,18.969,12.6208,0.4952,0.4751,0.2382,2.85,0.6754,0.160082
084,aotgan_npu,NPU,56.0,59.5,3.5,237.0,687.0,26.8032,13.5123,0.5818,0.4322,0.2327,2.85,0.6754,0.160082
085,aotgan_npu,NPU,56.0,59.5,3.5,237.0,687.0,17.985,19.5005,0.6156,0.4596,0.1382,2.85,0.6754,0.160082
086,aotgan_npu,NPU,56.0,59.5,3.5,237.0,687.0,21.279,16.6189,0.8052,0.2714,0.2205,2.85,0.6754,0.160082
087,aotgan_npu,NPU,56.0,59.5,3.5,237.0,687.0,21.1576,10.7212,0.8459,0.1501,0.3366,2.85,0.6754,0.160082
088,aotgan_npu,NPU,56.0,59.5,3.5,237.0,687.0,22.2675,16.9604,0.5605,0.3495,0.1925,2.85,0.6754,0.160082
089,aotgan_npu,NPU,56.0,59.5,3.5,237.0,687.0,21.3013,12.6843,0.486,0.3286,0.1204,2.85,0.6754,0.160082
090,aotgan_npu,NPU,56.0,59.5,3.5,237.0,687.0,15.8734,11.4968,0.3565,0.2881,0.5047,2.85,0.6754,0.160082
091,aotgan_npu,NPU,56.0,59.5,3.5,237.0,687.0,13.8128,12.9438,0.1472,0.4008,0.392,2.85,0.6754,0.160082
092,aotgan_npu,NPU,56.0,59.5,3.5,237.0,687.0,22.59,18.0191,0.6163,0.31,0.207,2.85,0.6754,0.160082
093,aotgan_npu,NPU,56.0,59.5,3.5,237.0,687.0,22.4768,17.6526,0.6177,0.3045,0.2293,2.85,0.6754,0.160082
094,aotgan_npu,NPU,56.0,59.5,3.5,237.0,687.0,26.6561,15.0261,0.8474,0.1828,0.102,2.85,0.6754,0.160082
095,aotgan_npu,NPU,56.0,59.5,3.5,237.0,687.0,22.7914,16.5629,0.7008,0.2642,0.1592,2.85,0.6754,0.160082
096,aotgan_npu,NPU,56.0,59.5,3.5,237.0,687.0,20.0456,14.9303,0.8114,0.2025,0.1712,2.85,0.6754,0.160082
097,aotgan_npu,NPU,56.0,59.5,3.5,237.0,687.0,25.3543,19.2389,0.8124,0.1427,0.1456,2.85,0.6754,0.160082
098,aotgan_npu,NPU,56.0,59.5,3.5,237.0,687.0,29.0411,20.3157,0.9171,0.0963,0.2165,2.85,0.6754,0.160082
099,aotgan_npu,NPU,56.0,59.5,3.5,237.0,687.0,33.406,24.8941,0.9321,0.1217,0.1374,2.85,0.6754,0.160082
100,aotgan_npu,NPU,56.0,59.5,3.5,237.0,687.0,21.9027,15.1557,0.7085,0.1617,0.2029,2.85,0.6754,0.160082
101,aotgan_npu,NPU,56.0,59.5,3.5,237.0,687.0,21.3481,18.6433,0.7056,0.1733,0.1556,2.85,0.6754,0.160082
102,aotgan_npu,NPU,56.0,59.5,3.5,237.0,687.0,28.9065,17.7069,0.9201,0.0905,0.0994,2.85,0.6754,0.160082
001,aotgan_gpu,GPU,60.9,104.2,44.0,275.0,725.0,31.7148,21.1418,0.9457,0.0769,0.1241,3.51,0.9653,0.265444
002,aotgan_gpu,GPU,60.9,104.2,44.0,275.0,725.0,18.0808,18.859,0.4991,0.2029,0.0809,3.51,0.9653,0.265444
003,aotgan_gpu,GPU,60.9,104.2,44.0,275.0,725.0,31.8121,28.6949,0.9227,0.0933,0.026,3.51,0.9653,0.265444
004,aotgan_gpu,GPU,60.9,104.2,44.0,275.0,725.0,21.1983,16.1358,0.6029,0.189,0.1849,3.51,0.9653,0.265444
005,aotgan_gpu,GPU,60.9,104.2,44.0,275.0,725.0,23.8629,15.0285,0.8399,0.1466,0.2586,3.51,0.9653,0.265444
006,aotgan_gpu,GPU,60.9,104.2,44.0,275.0,725.0,23.6967,16.3216,0.9318,0.1631,0.09,3.51,0.9653,0.265444
007,aotgan_gpu,GPU,60.9,104.2,44.0,275.0,725.0,31.3492,23.3042,0.9593,0.1135,0.0954,3.51,0.9653,0.265444
008,aotgan_gpu,GPU,60.9,104.2,44.0,275.0,725.0,27.4893,20.109,0.9064,0.171,0.1197,3.51,0.9653,0.265444
009,aotgan_gpu,GPU,60.9,104.2,44.0,275.0,725.0,26.7957,16.9336,0.952,0.089,0.1805,3.51,0.9653,0.265444
010,aotgan_gpu,GPU,60.9,104.2,44.0,275.0,725.0,28.8409,20.1002,0.9214,0.1274,0.1132,3.51,0.9653,0.265444
011,aotgan_gpu,GPU,60.9,104.2,44.0,275.0,725.0,34.7857,25.8584,0.9716,0.0953,0.0541,3.51,0.9653,0.265444
012,aotgan_gpu,GPU,60.9,104.2,44.0,275.0,725.0,31.3362,23.3197,0.9094,0.1221,0.1674,3.51,0.9653,0.265444
013,aotgan_gpu,GPU,60.9,104.2,44.0,275.0,725.0,25.7086,18.5159,0.8397,0.1121,0.2626,3.51,0.9653,0.265444
014,aotgan_gpu,GPU,60.9,104.2,44.0,275.0,725.0,20.4977,23.0615,0.669,0.2099,0.1123,3.51,0.9653,0.265444
015,aotgan_gpu,GPU,60.9,104.2,44.0,275.0,725.0,30.5282,19.136,0.9623,0.1051,0.0721,3.51,0.9653,0.265444
016,aotgan_gpu,GPU,60.9,104.2,44.0,275.0,725.0,20.6008,18.5265,0.5914,0.1835,0.1536,3.51,0.9653,0.265444
017,aotgan_gpu,GPU,60.9,104.2,44.0,275.0,725.0,14.3213,11.2516,0.2578,0.2822,0.4547,3.51,0.9653,0.265444
018,aotgan_gpu,GPU,60.9,104.2,44.0,275.0,725.0,19.075,14.6375,0.8612,0.2787,0.1013,3.51,0.9653,0.265444
019,aotgan_gpu,GPU,60.9,104.2,44.0,275.0,725.0,26.3122,20.7213,0.9054,0.1753,0.0927,3.51,0.9653,0.265444
020,aotgan_gpu,GPU,60.9,104.2,44.0,275.0,725.0,22.5388,22.7356,0.4797,0.2211,0.1049,3.51,0.9653,0.265444
021,aotgan_gpu,GPU,60.9,104.2,44.0,275.0,725.0,22.2774,20.1662,0.4029,0.2465,0.1607,3.51,0.9653,0.265444
022,aotgan_gpu,GPU,60.9,104.2,44.0,275.0,725.0,14.1544,16.1338,0.457,0.3058,0.1526,3.51,0.9653,0.265444
023,aotgan_gpu,GPU,60.9,104.2,44.0,275.0,725.0,29.6363,19.2204,0.9401,0.1145,0.0988,3.51,0.9653,0.265444
024,aotgan_gpu,GPU,60.9,104.2,44.0,275.0,725.0,20.0108,17.0241,0.6277,0.2135,0.1258,3.51,0.9653,0.265444
025,aotgan_gpu,GPU,60.9,104.2,44.0,275.0,725.0,19.5713,18.3497,0.216,0.2908,0.2022,3.51,0.9653,0.265444
026,aotgan_gpu,GPU,60.9,104.2,44.0,275.0,725.0,17.1789,14.4537,0.6194,0.2357,0.2046,3.51,0.9653,0.265444
027,aotgan_gpu,GPU,60.9,104.2,44.0,275.0,725.0,19.3807,14.985,0.8187,0.2932,0.1572,3.51,0.9653,0.265444
028,aotgan_gpu,GPU,60.9,104.2,44.0,275.0,725.0,22.0976,15.6202,0.832,0.1832,0.273,3.51,0.9653,0.265444
029,aotgan_gpu,GPU,60.9,104.2,44.0,275.0,725.0,16.4609,12.6196,0.7328,0.3061,0.1905,3.51,0.9653,0.265444
030,aotgan_gpu,GPU,60.9,104.2,44.0,275.0,725.0,15.6912,12.9172,0.4371,0.3477,0.3631,3.51,0.9653,0.265444
031,aotgan_gpu,GPU,60.9,104.2,44.0,275.0,725.0,28.6931,17.3711,0.949,0.0651,0.2089,3.51,0.9653,0.265444
032,aotgan_gpu,GPU,60.9,104.2,44.0,275.0,725.0,22.9885,16.1786,0.9053,0.1454,0.1136,3.51,0.9653,0.265444
033,aotgan_gpu,GPU,60.9,104.2,44.0,275.0,725.0,17.7125,11.9758,0.7804,0.2193,0.2503,3.51,0.9653,0.265444
034,aotgan_gpu,GPU,60.9,104.2,44.0,275.0,725.0,21.9897,14.5486,0.8522,0.1599,0.3285,3.51,0.9653,0.265444
035,aotgan_gpu,GPU,60.9,104.2,44.0,275.0,725.0,24.4565,19.668,0.8914,0.2446,0.1373,3.51,0.9653,0.265444
036,aotgan_gpu,GPU,60.9,104.2,44.0,275.0,725.0,19.4915,17.5558,0.2207,0.305,0.2379,3.51,0.9653,0.265444
037,aotgan_gpu,GPU,60.9,104.2,44.0,275.0,725.0,30.6444,22.3395,0.9439,0.1178,0.1099,3.51,0.9653,0.265444
038,aotgan_gpu,GPU,60.9,104.2,44.0,275.0,725.0,23.4831,14.5656,0.8835,0.1101,0.1809,3.51,0.9653,0.265444
039,aotgan_gpu,GPU,60.9,104.2,44.0,275.0,725.0,27.8809,16.9766,0.9158,0.1346,0.1791,3.51,0.9653,0.265444
040,aotgan_gpu,GPU,60.9,104.2,44.0,275.0,725.0,19.3708,7.8632,0.4329,0.1938,0.3448,3.51,0.9653,0.265444
041,aotgan_gpu,GPU,60.9,104.2,44.0,275.0,725.0,24.8025,19.6161,0.812,0.197,0.1813,3.51,0.9653,0.265444
042,aotgan_gpu,GPU,60.9,104.2,44.0,275.0,725.0,20.333,13.3497,0.8258,0.1783,0.3086,3.51,0.9653,0.265444
043,aotgan_gpu,GPU,60.9,104.2,44.0,275.0,725.0,26.3171,21.3542,0.8596,0.2145,0.1507,3.51,0.9653,0.265444
044,aotgan_gpu,GPU,60.9,104.2,44.0,275.0,725.0,21.1609,14.9998,0.837,0.1944,0.1773,3.51,0.9653,0.265444
045,aotgan_gpu,GPU,60.9,104.2,44.0,275.0,725.0,18.9061,16.0435,0.6806,0.3483,0.1472,3.51,0.9653,0.265444
046,aotgan_gpu,GPU,60.9,104.2,44.0,275.0,725.0,22.3733,18.4032,0.8161,0.2298,0.117,3.51,0.9653,0.265444
047,aotgan_gpu,GPU,60.9,104.2,44.0,275.0,725.0,33.262,21.3012,0.9758,0.119,0.0684,3.51,0.9653,0.265444
048,aotgan_gpu,GPU,60.9,104.2,44.0,275.0,725.0,22.2898,17.1655,0.8178,0.2632,0.08,3.51,0.9653,0.265444
049,aotgan_gpu,GPU,60.9,104.2,44.0,275.0,725.0,28.467,20.0633,0.9422,0.1012,0.1355,3.51,0.9653,0.265444
050,aotgan_gpu,GPU,60.9,104.2,44.0,275.0,725.0,31.9059,17.652,0.9685,0.0496,0.2138,3.51,0.9653,0.265444
051,aotgan_gpu,GPU,60.9,104.2,44.0,275.0,725.0,31.4446,23.7913,0.9581,0.0597,0.1221,3.51,0.9653,0.265444
052,aotgan_gpu,GPU,60.9,104.2,44.0,275.0,725.0,28.4843,19.0012,0.9453,0.0932,0.1608,3.51,0.9653,0.265444
053,aotgan_gpu,GPU,60.9,104.2,44.0,275.0,725.0,30.059,17.3867,0.9612,0.0634,0.1722,3.51,0.9653,0.265444
054,aotgan_gpu,GPU,60.9,104.2,44.0,275.0,725.0,26.8842,16.71,0.9257,0.0915,0.2736,3.51,0.9653,0.265444
055,aotgan_gpu,GPU,60.9,104.2,44.0,275.0,725.0,30.9921,21.7441,0.9651,0.0882,0.0882,3.51,0.9653,0.265444
056,aotgan_gpu,GPU,60.9,104.2,44.0,275.0,725.0,31.6572,26.811,0.927,0.1685,0.0981,3.51,0.9653,0.265444
057,aotgan_gpu,GPU,60.9,104.2,44.0,275.0,725.0,18.334,10.7389,0.8611,0.1583,0.1771,3.51,0.9653,0.265444
058,aotgan_gpu,GPU,60.9,104.2,44.0,275.0,725.0,28.813,15.9815,0.9521,0.0602,0.2768,3.51,0.9653,0.265444
059,aotgan_gpu,GPU,60.9,104.2,44.0,275.0,725.0,32.7927,23.5489,0.9507,0.0748,0.088,3.51,0.9653,0.265444
060,aotgan_gpu,GPU,60.9,104.2,44.0,275.0,725.0,28.6797,19.8402,0.9402,0.0898,0.2216,3.51,0.9653,0.265444
061,aotgan_gpu,GPU,60.9,104.2,44.0,275.0,725.0,14.4701,12.4208,0.609,0.4631,0.3434,3.51,0.9653,0.265444
062,aotgan_gpu,GPU,60.9,104.2,44.0,275.0,725.0,14.0563,12.5509,0.3149,0.4621,0.4453,3.51,0.9653,0.265444
063,aotgan_gpu,GPU,60.9,104.2,44.0,275.0,725.0,16.7477,12.23,0.4476,0.4258,0.1767,3.51,0.9653,0.265444
064,aotgan_gpu,GPU,60.9,104.2,44.0,275.0,725.0,21.0091,12.6601,0.6797,0.309,0.2691,3.51,0.9653,0.265444
065,aotgan_gpu,GPU,60.9,104.2,44.0,275.0,725.0,19.6326,9.3217,0.6594,0.2739,0.2042,3.51,0.9653,0.265444
066,aotgan_gpu,GPU,60.9,104.2,44.0,275.0,725.0,20.0936,10.2866,0.4228,0.3192,0.2776,3.51,0.9653,0.265444
067,aotgan_gpu,GPU,60.9,104.2,44.0,275.0,725.0,26.7026,13.4136,0.6708,0.3051,0.2437,3.51,0.9653,0.265444
068,aotgan_gpu,GPU,60.9,104.2,44.0,275.0,725.0,25.3761,19.0914,0.8355,0.2681,0.1343,3.51,0.9653,0.265444
069,aotgan_gpu,GPU,60.9,104.2,44.0,275.0,725.0,21.5575,15.8597,0.8349,0.2435,0.2222,3.51,0.9653,0.265444
070,aotgan_gpu,GPU,60.9,104.2,44.0,275.0,725.0,25.6245,9.6541,0.5972,0.4213,0.4505,3.51,0.9653,0.265444
071,aotgan_gpu,GPU,60.9,104.2,44.0,275.0,725.0,22.2657,14.1819,0.8292,0.3382,0.1076,3.51,0.9653,0.265444
072,aotgan_gpu,GPU,60.9,104.2,44.0,275.0,725.0,17.4586,10.9362,0.4697,0.52,0.2417,3.51,0.9653,0.265444
073,aotgan_gpu,GPU,60.9,104.2,44.0,275.0,725.0,12.6694,8.3057,0.6942,0.4214,0.2335,3.51,0.9653,0.265444
074,aotgan_gpu,GPU,60.9,104.2,44.0,275.0,725.0,25.491,23.3178,0.8993,0.2985,0.1154,3.51,0.9653,0.265444
075,aotgan_gpu,GPU,60.9,104.2,44.0,275.0,725.0,16.1097,13.0397,0.528,0.4508,0.2678,3.51,0.9653,0.265444
076,aotgan_gpu,GPU,60.9,104.2,44.0,275.0,725.0,10.3326,8.2089,0.4871,0.492,0.2753,3.51,0.9653,0.265444
077,aotgan_gpu,GPU,60.9,104.2,44.0,275.0,725.0,13.6746,12.5624,0.2077,0.5153,0.352,3.51,0.9653,0.265444
078,aotgan_gpu,GPU,60.9,104.2,44.0,275.0,725.0,16.5932,14.9234,0.6637,0.431,0.2307,3.51,0.9653,0.265444
079,aotgan_gpu,GPU,60.9,104.2,44.0,275.0,725.0,16.5247,16.4548,0.4833,0.5543,0.1551,3.51,0.9653,0.265444
080,aotgan_gpu,GPU,60.9,104.2,44.0,275.0,725.0,10.7941,9.7608,0.394,0.5359,0.2792,3.51,0.9653,0.265444
081,aotgan_gpu,GPU,60.9,104.2,44.0,275.0,725.0,20.5565,16.9276,0.7696,0.3149,0.1869,3.51,0.9653,0.265444
082,aotgan_gpu,GPU,60.9,104.2,44.0,275.0,725.0,17.0912,14.9613,0.7789,0.4621,0.121,3.51,0.9653,0.265444
083,aotgan_gpu,GPU,60.9,104.2,44.0,275.0,725.0,18.9691,12.6234,0.4952,0.4751,0.2381,3.51,0.9653,0.265444
084,aotgan_gpu,GPU,60.9,104.2,44.0,275.0,725.0,26.8475,13.6575,0.5819,0.4322,0.2286,3.51,0.9653,0.265444
085,aotgan_gpu,GPU,60.9,104.2,44.0,275.0,725.0,17.985,19.5006,0.6157,0.4596,0.1385,3.51,0.9653,0.265444
086,aotgan_gpu,GPU,60.9,104.2,44.0,275.0,725.0,21.2769,16.6156,0.805,0.2718,0.2203,3.51,0.9653,0.265444
087,aotgan_gpu,GPU,60.9,104.2,44.0,275.0,725.0,21.263,10.8575,0.8429,0.1504,0.325,3.51,0.9653,0.265444
088,aotgan_gpu,GPU,60.9,104.2,44.0,275.0,725.0,22.2638,16.9494,0.5604,0.3494,0.1927,3.51,0.9653,0.265444
089,aotgan_gpu,GPU,60.9,104.2,44.0,275.0,725.0,21.288,12.5721,0.4861,0.3286,0.1185,3.51,0.9653,0.265444
090,aotgan_gpu,GPU,60.9,104.2,44.0,275.0,725.0,15.8682,11.4783,0.3562,0.2883,0.5026,3.51,0.9653,0.265444
091,aotgan_gpu,GPU,60.9,104.2,44.0,275.0,725.0,13.788,12.8692,0.1446,0.4025,0.3953,3.51,0.9653,0.265444
092,aotgan_gpu,GPU,60.9,104.2,44.0,275.0,725.0,22.6631,18.1357,0.6163,0.3088,0.2069,3.51,0.9653,0.265444
093,aotgan_gpu,GPU,60.9,104.2,44.0,275.0,725.0,22.5421,17.7481,0.6182,0.3055,0.2296,3.51,0.9653,0.265444
094,aotgan_gpu,GPU,60.9,104.2,44.0,275.0,725.0,26.3369,14.2838,0.8468,0.1819,0.098,3.51,0.9653,0.265444
095,aotgan_gpu,GPU,60.9,104.2,44.0,275.0,725.0,22.7779,16.5381,0.7006,0.264,0.1598,3.51,0.9653,0.265444
096,aotgan_gpu,GPU,60.9,104.2,44.0,275.0,725.0,19.9463,14.6112,0.8112,0.2033,0.1713,3.51,0.9653,0.265444
097,aotgan_gpu,GPU,60.9,104.2,44.0,275.0,725.0,25.353,19.2354,0.8124,0.1426,0.1457,3.51,0.9653,0.265444
098,aotgan_gpu,GPU,60.9,104.2,44.0,275.0,725.0,29.0514,20.3326,0.917,0.096,0.2161,3.51,0.9653,0.265444
099,aotgan_gpu,GPU,60.9,104.2,44.0,275.0,725.0,33.4538,24.9518,0.9321,0.121,0.1372,3.51,0.9653,0.265444
100,aotgan_gpu,GPU,60.9,104.2,44.0,275.0,725.0,21.8992,15.1473,0.7085,0.1618,0.2033,3.51,0.9653,0.265444
101,aotgan_gpu,GPU,60.9,104.2,44.0,275.0,725.0,21.3333,18.5232,0.7053,0.1723,0.1558,3.51,0.9653,0.265444
102,aotgan_gpu,GPU,60.9,104.2,44.0,275.0,725.0,28.9014,17.6988,0.92,0.0907,0.0998,3.51,0.9653,0.265444
001,migan_gpu,GPU,81.5,74.9,0.0,165.0,615.0,30.2039,19.5074,0.9444,0.0825,0.1222,2.23,0.3679,0.060712
002,migan_gpu,GPU,81.5,74.9,0.0,165.0,615.0,18.2224,26.7078,0.5069,0.1888,0.0657,2.23,0.3679,0.060712
003,migan_gpu,GPU,81.5,74.9,0.0,165.0,615.0,32.1025,41.6666,0.9257,0.0772,0.0107,2.23,0.3679,0.060712
004,migan_gpu,GPU,81.5,74.9,0.0,165.0,615.0,21.4226,16.9518,0.5986,0.1873,0.1858,2.23,0.3679,0.060712
005,migan_gpu,GPU,81.5,74.9,0.0,165.0,615.0,22.9125,13.7093,0.8327,0.1367,0.2542,2.23,0.3679,0.060712
006,migan_gpu,GPU,81.5,74.9,0.0,165.0,615.0,24.6852,17.612,0.9161,0.1306,0.0863,2.23,0.3679,0.060712
007,migan_gpu,GPU,81.5,74.9,0.0,165.0,615.0,31.2594,23.1857,0.959,0.0994,0.0964,2.23,0.3679,0.060712
008,migan_gpu,GPU,81.5,74.9,0.0,165.0,615.0,27.1049,19.679,0.9027,0.1639,0.1181,2.23,0.3679,0.060712
009,migan_gpu,GPU,81.5,74.9,0.0,165.0,615.0,29.3699,20.3729,0.9569,0.0805,0.1817,2.23,0.3679,0.060712
010,migan_gpu,GPU,81.5,74.9,0.0,165.0,615.0,30.3339,21.9713,0.921,0.1129,0.1141,2.23,0.3679,0.060712
011,migan_gpu,GPU,81.5,74.9,0.0,165.0,615.0,34.6622,25.697,0.968,0.0796,0.0552,2.23,0.3679,0.060712
012,migan_gpu,GPU,81.5,74.9,0.0,165.0,615.0,32.4725,24.8367,0.9019,0.1115,0.1731,2.23,0.3679,0.060712
013,migan_gpu,GPU,81.5,74.9,0.0,165.0,615.0,25.1671,17.6331,0.8328,0.1153,0.2718,2.23,0.3679,0.060712
014,migan_gpu,GPU,81.5,74.9,0.0,165.0,615.0,20.5036,23.4113,0.6685,0.2096,0.1275,2.23,0.3679,0.060712
015,migan_gpu,GPU,81.5,74.9,0.0,165.0,615.0,37.4781,32.2842,0.961,0.1008,0.0734,2.23,0.3679,0.060712
016,migan_gpu,GPU,81.5,74.9,0.0,165.0,615.0,20.7394,20.9978,0.5952,0.1743,0.1499,2.23,0.3679,0.060712
017,migan_gpu,GPU,81.5,74.9,0.0,165.0,615.0,14.6172,12.0758,0.2638,0.2516,0.4927,2.23,0.3679,0.060712
018,migan_gpu,GPU,81.5,74.9,0.0,165.0,615.0,25.0079,20.8774,0.9122,0.1804,0.0931,2.23,0.3679,0.060712
019,migan_gpu,GPU,81.5,74.9,0.0,165.0,615.0,34.0618,28.9496,0.9207,0.1565,0.0825,2.23,0.3679,0.060712
020,migan_gpu,GPU,81.5,74.9,0.0,165.0,615.0,22.7877,27.3647,0.4808,0.2035,0.105,2.23,0.3679,0.060712
021,migan_gpu,GPU,81.5,74.9,0.0,165.0,615.0,21.6385,17.3993,0.3946,0.2418,0.1596,2.23,0.3679,0.060712
022,migan_gpu,GPU,81.5,74.9,0.0,165.0,615.0,14.2035,22.8701,0.4645,0.298,0.147,2.23,0.3679,0.060712
023,migan_gpu,GPU,81.5,74.9,0.0,165.0,615.0,33.3879,25.4066,0.9432,0.1006,0.0927,2.23,0.3679,0.060712
024,migan_gpu,GPU,81.5,74.9,0.0,165.0,615.0,20.5552,23.2475,0.6414,0.1838,0.1193,2.23,0.3679,0.060712
025,migan_gpu,GPU,81.5,74.9,0.0,165.0,615.0,19.8478,20.8078,0.213,0.2796,0.2104,2.23,0.3679,0.060712
026,migan_gpu,GPU,81.5,74.9,0.0,165.0,615.0,16.9761,13.404,0.6226,0.2267,0.2105,2.23,0.3679,0.060712
027,migan_gpu,GPU,81.5,74.9,0.0,165.0,615.0,19.6808,15.2916,0.7886,0.2843,0.1565,2.23,0.3679,0.060712
028,migan_gpu,GPU,81.5,74.9,0.0,165.0,615.0,20.6223,14.0058,0.8202,0.1761,0.2794,2.23,0.3679,0.060712
029,migan_gpu,GPU,81.5,74.9,0.0,165.0,615.0,21.5745,17.8133,0.714,0.27,0.1815,2.23,0.3679,0.060712
030,migan_gpu,GPU,81.5,74.9,0.0,165.0,615.0,15.6014,12.2764,0.4345,0.3414,0.3616,2.23,0.3679,0.060712
031,migan_gpu,GPU,81.5,74.9,0.0,165.0,615.0,28.4451,17.0646,0.9494,0.0611,0.2043,2.23,0.3679,0.060712
032,migan_gpu,GPU,81.5,74.9,0.0,165.0,615.0,20.1098,12.7647,0.8929,0.1393,0.1162,2.23,0.3679,0.060712
033,migan_gpu,GPU,81.5,74.9,0.0,165.0,615.0,15.6803,9.8965,0.7788,0.1914,0.2749,2.23,0.3679,0.060712
034,migan_gpu,GPU,81.5,74.9,0.0,165.0,615.0,21.7247,14.138,0.8469,0.1586,0.3289,2.23,0.3679,0.060712
035,migan_gpu,GPU,81.5,74.9,0.0,165.0,615.0,25.6804,21.0222,0.9159,0.2162,0.1295,2.23,0.3679,0.060712
036,migan_gpu,GPU,81.5,74.9,0.0,165.0,615.0,18.531,14.3524,0.2048,0.3068,0.2607,2.23,0.3679,0.060712
037,migan_gpu,GPU,81.5,74.9,0.0,165.0,615.0,32.1799,24.6851,0.9362,0.1079,0.1155,2.23,0.3679,0.060712
038,migan_gpu,GPU,81.5,74.9,0.0,165.0,615.0,21.2745,11.8286,0.8793,0.1039,0.2004,2.23,0.3679,0.060712
039,migan_gpu,GPU,81.5,74.9,0.0,165.0,615.0,28.8704,18.6912,0.9154,0.1264,0.1779,2.23,0.3679,0.060712
040,migan_gpu,GPU,81.5,74.9,0.0,165.0,615.0,20.8107,14.8675,0.4355,0.1893,0.3423,2.23,0.3679,0.060712
041,migan_gpu,GPU,81.5,74.9,0.0,165.0,615.0,23.8564,18.636,0.7793,0.1853,0.1849,2.23,0.3679,0.060712
042,migan_gpu,GPU,81.5,74.9,0.0,165.0,615.0,20.4882,13.5147,0.822,0.1519,0.3093,2.23,0.3679,0.060712
043,migan_gpu,GPU,81.5,74.9,0.0,165.0,615.0,28.467,23.6661,0.8561,0.1924,0.142,2.23,0.3679,0.060712
044,migan_gpu,GPU,81.5,74.9,0.0,165.0,615.0,23.3209,17.6823,0.8382,0.172,0.1746,2.23,0.3679,0.060712
045,migan_gpu,GPU,81.5,74.9,0.0,165.0,615.0,21.7904,20.1033,0.6586,0.3129,0.1407,2.23,0.3679,0.060712
046,migan_gpu,GPU,81.5,74.9,0.0,165.0,615.0,24.0075,20.9622,0.811,0.18,0.1174,2.23,0.3679,0.060712
047,migan_gpu,GPU,81.5,74.9,0.0,165.0,615.0,37.6667,27.7892,0.9786,0.1046,0.065,2.23,0.3679,0.060712
048,migan_gpu,GPU,81.5,74.9,0.0,165.0,615.0,31.5637,28.0396,0.8457,0.199,0.0777,2.23,0.3679,0.060712
049,migan_gpu,GPU,81.5,74.9,0.0,165.0,615.0,26.751,18.1251,0.9409,0.0896,0.1329,2.23,0.3679,0.060712
050,migan_gpu,GPU,81.5,74.9,0.0,165.0,615.0,33.7528,20.7698,0.971,0.0426,0.2053,2.23,0.3679,0.060712
051,migan_gpu,GPU,81.5,74.9,0.0,165.0,615.0,30.911,21.7121,0.9571,0.0582,0.1409,2.23,0.3679,0.060712
052,migan_gpu,GPU,81.5,74.9,0.0,165.0,615.0,28.5818,19.1186,0.9447,0.0844,0.1591,2.23,0.3679,0.060712
053,migan_gpu,GPU,81.5,74.9,0.0,165.0,615.0,30.5773,18.1936,0.9622,0.057,0.1814,2.23,0.3679,0.060712
054,migan_gpu,GPU,81.5,74.9,0.0,165.0,615.0,27.031,16.9367,0.9266,0.081,0.3012,2.23,0.3679,0.060712
055,migan_gpu,GPU,81.5,74.9,0.0,165.0,615.0,29.9609,19.425,0.9629,0.0875,0.0928,2.23,0.3679,0.060712
056,migan_gpu,GPU,81.5,74.9,0.0,165.0,615.0,32.8062,28.5569,0.9149,0.1691,0.0989,2.23,0.3679,0.060712
057,migan_gpu,GPU,81.5,74.9,0.0,165.0,615.0,15.4498,7.7391,0.8411,0.1468,0.1786,2.23,0.3679,0.060712
058,migan_gpu,GPU,81.5,74.9,0.0,165.0,615.0,28.0967,15.0492,0.953,0.0564,0.2977,2.23,0.3679,0.060712
059,migan_gpu,GPU,81.5,74.9,0.0,165.0,615.0,33.3272,24.7939,0.9511,0.0688,0.1029,2.23,0.3679,0.060712
060,migan_gpu,GPU,81.5,74.9,0.0,165.0,615.0,27.2425,17.9277,0.9308,0.0903,0.2248,2.23,0.3679,0.060712
061,migan_gpu,GPU,81.5,74.9,0.0,165.0,615.0,13.6854,9.7505,0.5865,0.4578,0.3453,2.23,0.3679,0.060712
062,migan_gpu,GPU,81.5,74.9,0.0,165.0,615.0,12.9878,8.5521,0.3042,0.4666,0.4656,2.23,0.3679,0.060712
063,migan_gpu,GPU,81.5,74.9,0.0,165.0,615.0,15.6717,9.9999,0.4239,0.4275,0.1854,2.23,0.3679,0.060712
064,migan_gpu,GPU,81.5,74.9,0.0,165.0,615.0,21.4225,16.2126,0.6859,0.3043,0.3024,2.23,0.3679,0.060712
065,migan_gpu,GPU,81.5,74.9,0.0,165.0,615.0,19.7035,10.0413,0.658,0.2756,0.3009,2.23,0.3679,0.060712
066,migan_gpu,GPU,81.5,74.9,0.0,165.0,615.0,20.0071,9.1091,0.4227,0.3191,0.3224,2.23,0.3679,0.060712
067,migan_gpu,GPU,81.5,74.9,0.0,165.0,615.0,28.0779,22.2296,0.6736,0.3004,0.2467,2.23,0.3679,0.060712
068,migan_gpu,GPU,81.5,74.9,0.0,165.0,615.0,25.3981,19.7728,0.8371,0.2674,0.1527,2.23,0.3679,0.060712
069,migan_gpu,GPU,81.5,74.9,0.0,165.0,615.0,20.1416,13.9691,0.8044,0.2428,0.2274,2.23,0.3679,0.060712
070,migan_gpu,GPU,81.5,74.9,0.0,165.0,615.0,28.1408,17.2531,0.5998,0.4196,0.3399,2.23,0.3679,0.060712
071,migan_gpu,GPU,81.5,74.9,0.0,165.0,615.0,22.1591,13.7953,0.8311,0.3389,0.1038,2.23,0.3679,0.060712
072,migan_gpu,GPU,81.5,74.9,0.0,165.0,615.0,17.459,10.9468,0.4706,0.5187,0.2227,2.23,0.3679,0.060712
073,migan_gpu,GPU,81.5,74.9,0.0,165.0,615.0,12.0218,6.9065,0.6825,0.4221,0.2337,2.23,0.3679,0.060712
074,migan_gpu,GPU,81.5,74.9,0.0,165.0,615.0,25.6256,23.8974,0.8978,0.3009,0.1069,2.23,0.3679,0.060712
075,migan_gpu,GPU,81.5,74.9,0.0,165.0,615.0,16.7063,14.7848,0.5292,0.4534,0.2456,2.23,0.3679,0.060712
076,migan_gpu,GPU,81.5,74.9,0.0,165.0,615.0,8.9992,5.5094,0.4462,0.4989,0.2591,2.23,0.3679,0.060712
077,migan_gpu,GPU,81.5,74.9,0.0,165.0,615.0,12.3267,10.0268,0.1775,0.5148,0.3543,2.23,0.3679,0.060712
078,migan_gpu,GPU,81.5,74.9,0.0,165.0,615.0,15.4685,11.8497,0.63,0.4417,0.2021,2.23,0.3679,0.060712
079,migan_gpu,GPU,81.5,74.9,0.0,165.0,615.0,15.7134,13.8017,0.4568,0.5647,0.1413,2.23,0.3679,0.060712
080,migan_gpu,GPU,81.5,74.9,0.0,165.0,615.0,9.2342,7.4851,0.336,0.5631,0.2755,2.23,0.3679,0.060712
081,migan_gpu,GPU,81.5,74.9,0.0,165.0,615.0,19.8281,15.5459,0.7711,0.3096,0.165,2.23,0.3679,0.060712
082,migan_gpu,GPU,81.5,74.9,0.0,165.0,615.0,17.948,16.8618,0.7952,0.434,0.1051,2.23,0.3679,0.060712
083,migan_gpu,GPU,81.5,74.9,0.0,165.0,615.0,19.0117,13.5206,0.4944,0.4741,0.2669,2.23,0.3679,0.060712
084,migan_gpu,GPU,81.5,74.9,0.0,165.0,615.0,27.3518,15.6202,0.5838,0.4305,0.2761,2.23,0.3679,0.060712
085,migan_gpu,GPU,81.5,74.9,0.0,165.0,615.0,17.8131,18.4147,0.6066,0.4567,0.1287,2.23,0.3679,0.060712
086,migan_gpu,GPU,81.5,74.9,0.0,165.0,615.0,19.89,14.5976,0.796,0.2704,0.2136,2.23,0.3679,0.060712
087,migan_gpu,GPU,81.5,74.9,0.0,165.0,615.0,22.9693,13.2367,0.8567,0.1346,0.3069,2.23,0.3679,0.060712
088,migan_gpu,GPU,81.5,74.9,0.0,165.0,615.0,21.9843,16.1714,0.5615,0.3359,0.2063,2.23,0.3679,0.060712
089,migan_gpu,GPU,81.5,74.9,0.0,165.0,615.0,21.8219,27.4075,0.4921,0.316,0.0947,2.23,0.3679,0.060712
090,migan_gpu,GPU,81.5,74.9,0.0,165.0,615.0,16.3187,13.3206,0.3722,0.263,0.5275,2.23,0.3679,0.060712
091,migan_gpu,GPU,81.5,74.9,0.0,165.0,615.0,13.8852,13.1666,0.142,0.3749,0.4095,2.23,0.3679,0.060712
092,migan_gpu,GPU,81.5,74.9,0.0,165.0,615.0,20.0287,14.4493,0.6105,0.3026,0.1993,2.23,0.3679,0.060712
093,migan_gpu,GPU,81.5,74.9,0.0,165.0,615.0,23.0173,18.4645,0.6168,0.2814,0.2402,2.23,0.3679,0.060712
094,migan_gpu,GPU,81.5,74.9,0.0,165.0,615.0,28.5418,23.5961,0.8574,0.1651,0.0533,2.23,0.3679,0.060712
095,migan_gpu,GPU,81.5,74.9,0.0,165.0,615.0,23.141,17.2278,0.701,0.2337,0.1693,2.23,0.3679,0.060712
096,migan_gpu,GPU,81.5,74.9,0.0,165.0,615.0,20.9756,19.318,0.8337,0.1764,0.1686,2.23,0.3679,0.060712
097,migan_gpu,GPU,81.5,74.9,0.0,165.0,615.0,25.3184,19.1449,0.814,0.1355,0.1419,2.23,0.3679,0.060712
098,migan_gpu,GPU,81.5,74.9,0.0,165.0,615.0,29.992,22.0047,0.9153,0.09,0.2161,2.23,0.3679,0.060712
099,migan_gpu,GPU,81.5,74.9,0.0,165.0,615.0,33.29,24.7542,0.9287,0.1118,0.1453,2.23,0.3679,0.060712
100,migan_gpu,GPU,81.5,74.9,0.0,165.0,615.0,22.7512,17.5649,0.7044,0.1435,0.208,2.23,0.3679,0.060712
101,migan_gpu,GPU,81.5,74.9,0.0,165.0,615.0,21.5185,20.2828,0.7076,0.1664,0.1575,2.23,0.3679,0.060712
102,migan_gpu,GPU,81.5,74.9,0.0,165.0,615.0,30.4527,20.4966,0.9239,0.0788,0.0956,2.23,0.3679,0.060712
001,lama_gpu,GPU,77.2,94.2,27.7,260.0,710.0,31.6051,21.0215,0.9482,0.0814,0.1149,3.37,0.8762,0.227812
002,lama_gpu,GPU,77.2,94.2,27.7,260.0,710.0,18.228,27.668,0.509,0.193,0.0608,3.37,0.8762,0.227812
003,lama_gpu,GPU,77.2,94.2,27.7,260.0,710.0,31.9912,32.6001,0.9235,0.0974,0.0426,3.37,0.8762,0.227812
004,lama_gpu,GPU,77.2,94.2,27.7,260.0,710.0,20.1845,13.3604,0.5985,0.1913,0.1945,3.37,0.8762,0.227812
005,lama_gpu,GPU,77.2,94.2,27.7,260.0,710.0,24.1333,15.4266,0.8377,0.1475,0.2499,3.37,0.8762,0.227812
006,lama_gpu,GPU,77.2,94.2,27.7,260.0,710.0,24.9043,17.9114,0.942,0.1543,0.0839,3.37,0.8762,0.227812
007,lama_gpu,GPU,77.2,94.2,27.7,260.0,710.0,32.1966,24.4662,0.9595,0.1089,0.0991,3.37,0.8762,0.227812
008,lama_gpu,GPU,77.2,94.2,27.7,260.0,710.0,26.1141,18.5894,0.9104,0.1744,0.1113,3.37,0.8762,0.227812
009,lama_gpu,GPU,77.2,94.2,27.7,260.0,710.0,29.1408,20.0352,0.9591,0.0822,0.178,3.37,0.8762,0.227812
010,lama_gpu,GPU,77.2,94.2,27.7,260.0,710.0,29.7679,21.2425,0.9328,0.1236,0.1062,3.37,0.8762,0.227812
011,lama_gpu,GPU,77.2,94.2,27.7,260.0,710.0,34.1271,25.0128,0.9721,0.1011,0.0567,3.37,0.8762,0.227812
012,lama_gpu,GPU,77.2,94.2,27.7,260.0,710.0,33.1175,25.7677,0.9146,0.1195,0.1582,3.37,0.8762,0.227812
013,lama_gpu,GPU,77.2,94.2,27.7,260.0,710.0,25.6735,18.4565,0.833,0.1179,0.2483,3.37,0.8762,0.227812
014,lama_gpu,GPU,77.2,94.2,27.7,260.0,710.0,20.4934,22.8189,0.6681,0.212,0.1221,3.37,0.8762,0.227812
015,lama_gpu,GPU,77.2,94.2,27.7,260.0,710.0,37.5202,32.4973,0.967,0.1013,0.071,3.37,0.8762,0.227812
016,lama_gpu,GPU,77.2,94.2,27.7,260.0,710.0,20.7409,21.0339,0.5978,0.1732,0.1332,3.37,0.8762,0.227812
017,lama_gpu,GPU,77.2,94.2,27.7,260.0,710.0,14.9782,13.2473,0.2688,0.2766,0.3747,3.37,0.8762,0.227812
018,lama_gpu,GPU,77.2,94.2,27.7,260.0,710.0,26.1018,22.0953,0.9181,0.264,0.0974,3.37,0.8762,0.227812
019,lama_gpu,GPU,77.2,94.2,27.7,260.0,710.0,33.7444,28.5896,0.9472,0.1741,0.0845,3.37,0.8762,0.227812
020,lama_gpu,GPU,77.2,94.2,27.7,260.0,710.0,22.7076,25.3205,0.4834,0.2152,0.0875,3.37,0.8762,0.227812
021,lama_gpu,GPU,77.2,94.2,27.7,260.0,710.0,22.0701,19.1117,0.4056,0.24,0.1409,3.37,0.8762,0.227812
022,lama_gpu,GPU,77.2,94.2,27.7,260.0,710.0,14.1977,21.3032,0.4643,0.2997,0.1237,3.37,0.8762,0.227812
023,lama_gpu,GPU,77.2,94.2,27.7,260.0,710.0,32.0287,22.7467,0.9477,0.1044,0.0889,3.37,0.8762,0.227812
024,lama_gpu,GPU,77.2,94.2,27.7,260.0,710.0,20.4936,21.9729,0.638,0.1934,0.1125,3.37,0.8762,0.227812
025,lama_gpu,GPU,77.2,94.2,27.7,260.0,710.0,19.9024,21.4867,0.2187,0.2863,0.1838,3.37,0.8762,0.227812
026,lama_gpu,GPU,77.2,94.2,27.7,260.0,710.0,16.9224,13.1566,0.6177,0.2337,0.1968,3.37,0.8762,0.227812
027,lama_gpu,GPU,77.2,94.2,27.7,260.0,710.0,23.2603,18.9974,0.8553,0.2971,0.1491,3.37,0.8762,0.227812
028,lama_gpu,GPU,77.2,94.2,27.7,260.0,710.0,22.1162,15.6408,0.8338,0.1983,0.2542,3.37,0.8762,0.227812
029,lama_gpu,GPU,77.2,94.2,27.7,260.0,710.0,22.5021,18.7687,0.7574,0.3011,0.172,3.37,0.8762,0.227812
030,lama_gpu,GPU,77.2,94.2,27.7,260.0,710.0,15.7822,13.662,0.4363,0.3449,0.3165,3.37,0.8762,0.227812
031,lama_gpu,GPU,77.2,94.2,27.7,260.0,710.0,28.3739,16.9773,0.9485,0.0649,0.1997,3.37,0.8762,0.227812
032,lama_gpu,GPU,77.2,94.2,27.7,260.0,710.0,22.6666,15.7735,0.9168,0.1451,0.1259,3.37,0.8762,0.227812
033,lama_gpu,GPU,77.2,94.2,27.7,260.0,710.0,15.7713,9.9892,0.7896,0.21,0.2582,3.37,0.8762,0.227812
034,lama_gpu,GPU,77.2,94.2,27.7,260.0,710.0,21.598,13.9465,0.8539,0.1622,0.2983,3.37,0.8762,0.227812
035,lama_gpu,GPU,77.2,94.2,27.7,260.0,710.0,25.7493,21.0997,0.9201,0.2294,0.1303,3.37,0.8762,0.227812
036,lama_gpu,GPU,77.2,94.2,27.7,260.0,710.0,19.2762,16.678,0.2139,0.3121,0.2454,3.37,0.8762,0.227812
037,lama_gpu,GPU,77.2,94.2,27.7,260.0,710.0,31.5413,23.6557,0.9451,0.1272,0.1061,3.37,0.8762,0.227812
038,lama_gpu,GPU,77.2,94.2,27.7,260.0,710.0,21.1712,11.7076,0.8864,0.1101,0.1757,3.37,0.8762,0.227812
039,lama_gpu,GPU,77.2,94.2,27.7,260.0,710.0,29.0123,18.9636,0.9187,0.1274,0.1658,3.37,0.8762,0.227812
040,lama_gpu,GPU,77.2,94.2,27.7,260.0,710.0,20.3837,11.7379,0.4358,0.1901,0.2997,3.37,0.8762,0.227812
041,lama_gpu,GPU,77.2,94.2,27.7,260.0,710.0,25.2019,20.0325,0.8227,0.196,0.1661,3.37,0.8762,0.227812
042,lama_gpu,GPU,77.2,94.2,27.7,260.0,710.0,19.9805,12.9764,0.8214,0.1799,0.2877,3.37,0.8762,0.227812
043,lama_gpu,GPU,77.2,94.2,27.7,260.0,710.0,27.6733,22.8024,0.895,0.2077,0.1419,3.37,0.8762,0.227812
044,lama_gpu,GPU,77.2,94.2,27.7,260.0,710.0,23.2408,17.5764,0.8533,0.1989,0.1649,3.37,0.8762,0.227812
045,lama_gpu,GPU,77.2,94.2,27.7,260.0,710.0,17.0825,13.8606,0.7009,0.3587,0.1321,3.37,0.8762,0.227812
046,lama_gpu,GPU,77.2,94.2,27.7,260.0,710.0,23.2626,19.7279,0.8305,0.2384,0.1171,3.37,0.8762,0.227812
047,lama_gpu,GPU,77.2,94.2,27.7,260.0,710.0,35.9606,24.8979,0.9787,0.114,0.0704,3.37,0.8762,0.227812
048,lama_gpu,GPU,77.2,94.2,27.7,260.0,710.0,29.8563,25.6718,0.8634,0.2577,0.0804,3.37,0.8762,0.227812
049,lama_gpu,GPU,77.2,94.2,27.7,260.0,710.0,29.7567,21.6016,0.9447,0.1014,0.1363,3.37,0.8762,0.227812
050,lama_gpu,GPU,77.2,94.2,27.7,260.0,710.0,33.78,20.8239,0.9692,0.0458,0.1942,3.37,0.8762,0.227812
051,lama_gpu,GPU,77.2,94.2,27.7,260.0,710.0,30.7332,21.1526,0.9584,0.0606,0.138,3.37,0.8762,0.227812
052,lama_gpu,GPU,77.2,94.2,27.7,260.0,710.0,28.4209,18.9251,0.9456,0.0968,0.1552,3.37,0.8762,0.227812
053,lama_gpu,GPU,77.2,94.2,27.7,260.0,710.0,30.7815,18.5275,0.9639,0.0586,0.1741,3.37,0.8762,0.227812
054,lama_gpu,GPU,77.2,94.2,27.7,260.0,710.0,27.6025,17.8637,0.9268,0.0848,0.2639,3.37,0.8762,0.227812
055,lama_gpu,GPU,77.2,94.2,27.7,260.0,710.0,30.5347,20.6299,0.9643,0.0892,0.0982,3.37,0.8762,0.227812
056,lama_gpu,GPU,77.2,94.2,27.7,260.0,710.0,29.8915,24.4702,0.9255,0.1806,0.0922,3.37,0.8762,0.227812
057,lama_gpu,GPU,77.2,94.2,27.7,260.0,710.0,16.8854,9.2224,0.8654,0.1554,0.1707,3.37,0.8762,0.227812
058,lama_gpu,GPU,77.2,94.2,27.7,260.0,710.0,29.2366,16.557,0.9525,0.06,0.2675,3.37,0.8762,0.227812
059,lama_gpu,GPU,77.2,94.2,27.7,260.0,710.0,34.1008,27.112,0.954,0.0723,0.0841,3.37,0.8762,0.227812
060,lama_gpu,GPU,77.2,94.2,27.7,260.0,710.0,28.2506,19.2465,0.9396,0.0939,0.2262,3.37,0.8762,0.227812
061,lama_gpu,GPU,77.2,94.2,27.7,260.0,710.0,14.7739,13.9071,0.6289,0.4546,0.2876,3.37,0.8762,0.227812
062,lama_gpu,GPU,77.2,94.2,27.7,260.0,710.0,13.5695,10.3957,0.3151,0.4587,0.4048,3.37,0.8762,0.227812
063,lama_gpu,GPU,77.2,94.2,27.7,260.0,710.0,15.995,10.6111,0.4435,0.4203,0.166,3.37,0.8762,0.227812
064,lama_gpu,GPU,77.2,94.2,27.7,260.0,710.0,21.1857,13.8817,0.6859,0.3017,0.2548,3.37,0.8762,0.227812
065,lama_gpu,GPU,77.2,94.2,27.7,260.0,710.0,19.6413,9.4048,0.6595,0.2734,0.217,3.37,0.8762,0.227812
066,lama_gpu,GPU,77.2,94.2,27.7,260.0,710.0,20.0695,9.9275,0.4231,0.3189,0.2717,3.37,0.8762,0.227812
067,lama_gpu,GPU,77.2,94.2,27.7,260.0,710.0,28.0493,21.7476,0.6746,0.3015,0.2054,3.37,0.8762,0.227812
068,lama_gpu,GPU,77.2,94.2,27.7,260.0,710.0,25.4571,22.3819,0.8371,0.2667,0.1265,3.37,0.8762,0.227812
069,lama_gpu,GPU,77.2,94.2,27.7,260.0,710.0,19.7268,13.4493,0.8321,0.2385,0.2028,3.37,0.8762,0.227812
070,lama_gpu,GPU,77.2,94.2,27.7,260.0,710.0,28.0609,16.7903,0.6001,0.4197,0.2829,3.37,0.8762,0.227812
071,lama_gpu,GPU,77.2,94.2,27.7,260.0,710.0,21.6035,12.0949,0.8294,0.3376,0.1143,3.37,0.8762,0.227812
072,lama_gpu,GPU,77.2,94.2,27.7,260.0,710.0,17.4567,10.8804,0.4708,0.518,0.213,3.37,0.8762,0.227812
073,lama_gpu,GPU,77.2,94.2,27.7,260.0,710.0,12.7307,8.452,0.7079,0.4184,0.2154,3.37,0.8762,0.227812
074,lama_gpu,GPU,77.2,94.2,27.7,260.0,710.0,25.4766,23.2595,0.91,0.2975,0.1012,3.37,0.8762,0.227812
075,lama_gpu,GPU,77.2,94.2,27.7,260.0,710.0,16.5296,14.2177,0.5392,0.4547,0.2515,3.37,0.8762,0.227812
076,lama_gpu,GPU,77.2,94.2,27.7,260.0,710.0,9.4268,6.2883,0.485,0.4927,0.2322,3.37,0.8762,0.227812
077,lama_gpu,GPU,77.2,94.2,27.7,260.0,710.0,13.0067,11.22,0.2082,0.5318,0.3174,3.37,0.8762,0.227812
078,lama_gpu,GPU,77.2,94.2,27.7,260.0,710.0,16.7562,15.5195,0.687,0.4251,0.1902,3.37,0.8762,0.227812
079,lama_gpu,GPU,77.2,94.2,27.7,260.0,710.0,16.8186,17.8113,0.5133,0.5259,0.1273,3.37,0.8762,0.227812
080,lama_gpu,GPU,77.2,94.2,27.7,260.0,710.0,10.3461,9.0671,0.4514,0.545,0.2472,3.37,0.8762,0.227812
081,lama_gpu,GPU,77.2,94.2,27.7,260.0,710.0,20.1003,16.0385,0.7992,0.2993,0.1833,3.37,0.8762,0.227812
082,lama_gpu,GPU,77.2,94.2,27.7,260.0,710.0,17.9812,16.9461,0.8268,0.4533,0.1016,3.37,0.8762,0.227812
083,lama_gpu,GPU,77.2,94.2,27.7,260.0,710.0,18.9554,12.3674,0.4952,0.4747,0.2349,3.37,0.8762,0.227812
084,lama_gpu,GPU,77.2,94.2,27.7,260.0,710.0,27.2773,15.285,0.5847,0.4302,0.2159,3.37,0.8762,0.227812
085,lama_gpu,GPU,77.2,94.2,27.7,260.0,710.0,18.0749,20.1769,0.6253,0.4508,0.1229,3.37,0.8762,0.227812
086,lama_gpu,GPU,77.2,94.2,27.7,260.0,710.0,21.8368,17.5316,0.8397,0.2713,0.1964,3.37,0.8762,0.227812
087,lama_gpu,GPU,77.2,94.2,27.7,260.0,710.0,22.6884,12.8177,0.8552,0.1418,0.3033,3.37,0.8762,0.227812
088,lama_gpu,GPU,77.2,94.2,27.7,260.0,710.0,22.3615,17.2445,0.5615,0.3455,0.1896,3.37,0.8762,0.227812
089,lama_gpu,GPU,77.2,94.2,27.7,260.0,710.0,21.808,25.0518,0.4914,0.3191,0.0959,3.37,0.8762,0.227812
090,lama_gpu,GPU,77.2,94.2,27.7,260.0,710.0,15.329,9.8236,0.3548,0.2854,0.4873,3.37,0.8762,0.227812
091,lama_gpu,GPU,77.2,94.2,27.7,260.0,710.0,12.979,10.7934,0.1368,0.4234,0.3769,3.37,0.8762,0.227812
092,lama_gpu,GPU,77.2,94.2,27.7,260.0,710.0,21.1776,15.9512,0.6129,0.3139,0.1919,3.37,0.8762,0.227812
093,lama_gpu,GPU,77.2,94.2,27.7,260.0,710.0,23.1062,18.6031,0.6164,0.3013,0.2241,3.37,0.8762,0.227812
094,lama_gpu,GPU,77.2,94.2,27.7,260.0,710.0,28.6688,25.3245,0.8589,0.1703,0.0795,3.37,0.8762,0.227812
095,lama_gpu,GPU,77.2,94.2,27.7,260.0,710.0,23.1567,17.2589,0.7019,0.2601,0.1579,3.37,0.8762,0.227812
096,lama_gpu,GPU,77.2,94.2,27.7,260.0,710.0,20.6207,17.2154,0.8283,0.1919,0.1742,3.37,0.8762,0.227812
097,lama_gpu,GPU,77.2,94.2,27.7,260.0,710.0,25.1379,18.6909,0.8176,0.14,0.139,3.37,0.8762,0.227812
098,lama_gpu,GPU,77.2,94.2,27.7,260.0,710.0,29.4893,21.0765,0.9176,0.0945,0.2072,3.37,0.8762,0.227812
099,lama_gpu,GPU,77.2,94.2,27.7,260.0,710.0,31.6353,22.8305,0.9292,0.1245,0.1311,3.37,0.8762,0.227812
100,lama_gpu,GPU,77.2,94.2,27.7,260.0,710.0,22.6302,17.1628,0.7106,0.1554,0.192,3.37,0.8762,0.227812
101,lama_gpu,GPU,77.2,94.2,27.7,260.0,710.0,21.504,20.12,0.7079,0.1691,0.1523,3.37,0.8762,0.227812
102,lama_gpu,GPU,77.2,94.2,27.7,260.0,710.0,30.4663,20.5253,0.9242,0.0851,0.0954,3.37,0.8762,0.227812
001,sd_npu,NPU,86.9,56.6,8.4,30900.0,31350.0,29.3346,18.5854,0.9402,0.0861,0.1578,3.28,101.352,3131.7768
003,sd_npu,NPU,86.9,56.6,8.4,30900.0,31350.0,29.4546,18.0557,0.9143,0.1022,0.1225,3.28,101.352,3131.7768
008,sd_npu,NPU,86.9,56.6,8.4,30900.0,31350.0,23.5183,15.8254,0.8958,0.1862,0.1384,3.28,101.352,3131.7768
018,sd_npu,NPU,86.9,56.6,8.4,30900.0,31350.0,13.6335,9.1242,0.7694,0.3211,0.229,3.28,101.352,3131.7768
028,sd_npu,NPU,86.9,56.6,8.4,30900.0,31350.0,20.8552,14.2573,0.8191,0.1998,0.3113,3.28,101.352,3131.7768
